Category: 📺央视频道, Name: CCTV-1, Total: 35, Valid: 2, Valid Percent: 5.71%, Whitelist: 0, IPv4: 2, IPv6: 33, Min Delay: 68 ms, Max Speed: 15.38 M/s, Avg Speed: 9.54 M/s, Max Resolution: 1920x1080
Category: 📺央视频道, Name: CCTV-2, Total: 40, Valid: 4, Valid Percent: 10.00%, Whitelist: 0, IPv4: 4, IPv6: 36, Min Delay: 74 ms, Max Speed: 5.87 M/s, Avg Speed: 3.57 M/s, Max Resolution: 1920x1080
Category: 📺央视频道, Name: CCTV-3, Total: 47, Valid: 3, Valid Percent: 6.38%, Whitelist: 0, IPv4: 3, IPv6: 44, Min Delay: 66 ms, Max Speed: 15.02 M/s, Avg Speed: 8.42 M/s, Max Resolution: 1920x1080
Category: 📺央视频道, Name: CCTV-4, Total: 83, Valid: 3, Valid Percent: 3.61%, Whitelist: 0, IPv4: 3, IPv6: 80, Min Delay: 54 ms, Max Speed: 16.95 M/s, Avg Speed: 7.74 M/s, Max Resolution: 1920x1080
Category: 📺央视频道, Name: CCTV-5, Total: 87, Valid: 5, Valid Percent: 5.75%, Whitelist: 0, IPv4: 5, IPv6: 82, Min Delay: 89 ms, Max Speed: 11.16 M/s, Avg Speed: 5.71 M/s, Max Resolution: 1920x1080
Category: 📺央视频道, Name: CCTV-5+, Total: 13, Valid: 1, Valid Percent: 7.69%, Whitelist: 0, IPv4: 1, IPv6: 12, Min Delay: 112 ms, Max Speed: 9.39 M/s, Avg Speed: 9.39 M/s, Max Resolution: 1920x1080
Category: 📺央视频道, Name: CCTV-6, Total: 39, Valid: 0, Valid Percent: 0.00%, Whitelist: 0, IPv4: 0, IPv6: 39, Min Delay: -1 ms, Max Speed: 0.00 M/s, Avg Speed: 0.00 M/s, Max Resolution: None
Category: 📺央视频道, Name: CCTV-7, Total: 32, Valid: 2, Valid Percent: 6.25%, Whitelist: 0, IPv4: 2, IPv6: 30, Min Delay: 113 ms, Max Speed: 9.23 M/s, Avg Speed: 7.28 M/s, Max Resolution: 1920x1080
Category: 📺央视频道, Name: CCTV-8, Total: 33, Valid: 1, Valid Percent: 3.03%, Whitelist: 0, IPv4: 1, IPv6: 32, Min Delay: 67 ms, Max Speed: 14.64 M/s, Avg Speed: 14.64 M/s, Max Resolution: 1920x1080
Category: 📺央视频道, Name: CCTV-9, Total: 34, Valid: 2, Valid Percent: 5.88%, Whitelist: 0, IPv4: 2, IPv6: 32, Min Delay: 69 ms, Max Speed: 15.58 M/s, Avg Speed: 9.47 M/s, Max Resolution: 1920x1080
Category: 📺央视频道, Name: CCTV-10, Total: 45, Valid: 2, Valid Percent: 4.44%, Whitelist: 0, IPv4: 2, IPv6: 43, Min Delay: 54 ms, Max Speed: 17.51 M/s, Avg Speed: 10.62 M/s, Max Resolution: 1920x1080
Category: 📺央视频道, Name: CCTV-11, Total: 47, Valid: 1, Valid Percent: 2.13%, Whitelist: 0, IPv4: 1, IPv6: 46, Min Delay: 468 ms, Max Speed: 11.51 M/s, Avg Speed: 11.51 M/s, Max Resolution: 1920x1080
Category: 📺央视频道, Name: CCTV-12, Total: 48, Valid: 2, Valid Percent: 4.17%, Whitelist: 0, IPv4: 2, IPv6: 46, Min Delay: 53 ms, Max Speed: 17.13 M/s, Avg Speed: 9.74 M/s, Max Resolution: 1920x1080
Category: 📺央视频道, Name: CCTV-13, Total: 53, Valid: 3, Valid Percent: 5.66%, Whitelist: 0, IPv4: 3, IPv6: 50, Min Delay: 77 ms, Max Speed: 13.03 M/s, Avg Speed: 5.66 M/s, Max Resolution: 1920x1080
Category: 📺央视频道, Name: CCTV-14, Total: 38, Valid: 2, Valid Percent: 5.26%, Whitelist: 0, IPv4: 2, IPv6: 36, Min Delay: 357 ms, Max Speed: 4.54 M/s, Avg Speed: 3.93 M/s, Max Resolution: 1920x1080
Category: 📺央视频道, Name: CCTV-15, Total: 48, Valid: 2, Valid Percent: 4.17%, Whitelist: 0, IPv4: 2, IPv6: 46, Min Delay: 50 ms, Max Speed: 19.05 M/s, Avg Speed: 13.35 M/s, Max Resolution: 1920x1080
Category: 📺央视频道, Name: CCTV-16, Total: 19, Valid: 2, Valid Percent: 10.53%, Whitelist: 0, IPv4: 2, IPv6: 17, Min Delay: 53 ms, Max Speed: 17.99 M/s, Avg Speed: 9.26 M/s, Max Resolution: 1920x1080
Category: 📺央视频道, Name: CCTV-17, Total: 42, Valid: 2, Valid Percent: 4.76%, Whitelist: 0, IPv4: 2, IPv6: 40, Min Delay: 680 ms, Max Speed: 5.99 M/s, Avg Speed: 4.11 M/s, Max Resolution: 1920x1080
Category: 📺央视频道, Name: CETV-1, Total: 34, Valid: 0, Valid Percent: 0.00%, Whitelist: 0, IPv4: 0, IPv6: 34, Min Delay: -1 ms, Max Speed: 0.00 M/s, Avg Speed: 0.00 M/s, Max Resolution: None
Category: 📺央视频道, Name: CETV-2, Total: 32, Valid: 0, Valid Percent: 0.00%, Whitelist: 0, IPv4: 0, IPv6: 32, Min Delay: -1 ms, Max Speed: 0.00 M/s, Avg Speed: 0.00 M/s, Max Resolution: None
Category: 📺央视频道, Name: CETV-3, Total: 6, Valid: 0, Valid Percent: 0.00%, Whitelist: 0, IPv4: 0, IPv6: 6, Min Delay: -1 ms, Max Speed: 0.00 M/s, Avg Speed: 0.00 M/s, Max Resolution: None
Category: 📺央视频道, Name: CETV-4, Total: 33, Valid: 1, Valid Percent: 3.03%, Whitelist: 0, IPv4: 1, IPv6: 32, Min Delay: 559 ms, Max Speed: 0.02 M/s, Avg Speed: 0.02 M/s, Max Resolution: 1920x1080
Category: 💰央视付费频道, Name: 文化精品, Total: 3, Valid: 1, Valid Percent: 33.33%, Whitelist: 0, IPv4: 1, IPv6: 2, Min Delay: 481 ms, Max Speed: 9.13 M/s, Avg Speed: 9.13 M/s, Max Resolution: 1920x1080
Category: 💰央视付费频道, Name: 央视台球, Total: 4, Valid: 1, Valid Percent: 25.00%, Whitelist: 0, IPv4: 1, IPv6: 3, Min Delay: 429 ms, Max Speed: 9.64 M/s, Avg Speed: 9.64 M/s, Max Resolution: 1920x1080
Category: 💰央视付费频道, Name: 风云音乐, Total: 3, Valid: 1, Valid Percent: 33.33%, Whitelist: 0, IPv4: 1, IPv6: 2, Min Delay: 376 ms, Max Speed: 5.85 M/s, Avg Speed: 5.85 M/s, Max Resolution: 1920x1080
Category: 💰央视付费频道, Name: 第一剧场, Total: 7, Valid: 1, Valid Percent: 14.29%, Whitelist: 0, IPv4: 1, IPv6: 6, Min Delay: 520 ms, Max Speed: 0.04 M/s, Avg Speed: 0.04 M/s, Max Resolution: 1920x1080
Category: 💰央视付费频道, Name: 风云剧场, Total: 3, Valid: 1, Valid Percent: 33.33%, Whitelist: 0, IPv4: 1, IPv6: 2, Min Delay: 418 ms, Max Speed: 10.19 M/s, Avg Speed: 10.19 M/s, Max Resolution: 1920x1080
Category: 💰央视付费频道, Name: 怀旧剧场, Total: 4, Valid: 2, Valid Percent: 50.00%, Whitelist: 0, IPv4: 2, IPv6: 2, Min Delay: 471 ms, Max Speed: 9.25 M/s, Avg Speed: 4.67 M/s, Max Resolution: 1920x1080
Category: 💰央视付费频道, Name: 女性时尚, Total: 2, Valid: 1, Valid Percent: 50.00%, Whitelist: 0, IPv4: 1, IPv6: 1, Min Delay: 508 ms, Max Speed: 4.57 M/s, Avg Speed: 4.57 M/s, Max Resolution: 1920x1080
Category: 💰央视付费频道, Name: 高尔夫网球, Total: 3, Valid: 1, Valid Percent: 33.33%, Whitelist: 0, IPv4: 1, IPv6: 2, Min Delay: 398 ms, Max Speed: 4.80 M/s, Avg Speed: 4.80 M/s, Max Resolution: 1920x1080
Category: 💰央视付费频道, Name: 风云足球, Total: 5, Valid: 1, Valid Percent: 20.00%, Whitelist: 0, IPv4: 1, IPv6: 4, Min Delay: 194 ms, Max Speed: 0.45 M/s, Avg Speed: 0.45 M/s, Max Resolution: 1920x1080
Category: 💰央视付费频道, Name: 电视指南, Total: 2, Valid: 1, Valid Percent: 50.00%, Whitelist: 0, IPv4: 1, IPv6: 1, Min Delay: 536 ms, Max Speed: 0.07 M/s, Avg Speed: 0.07 M/s, Max Resolution: 1920x1080
Category: 💰央视付费频道, Name: 世界地理, Total: 4, Valid: 3, Valid Percent: 75.00%, Whitelist: 0, IPv4: 4, IPv6: 0, Min Delay: 422 ms, Max Speed: 10.04 M/s, Avg Speed: 3.46 M/s, Max Resolution: 1920x1080
Category: 💰央视付费频道, Name: 兵器科技, Total: 3, Valid: 1, Valid Percent: 33.33%, Whitelist: 0, IPv4: 1, IPv6: 2, Min Delay: 575 ms, Max Speed: 0.10 M/s, Avg Speed: 0.10 M/s, Max Resolution: 1920x1080
Category: 📡卫视频道, Name: 广东卫视, Total: 46, Valid: 1, Valid Percent: 2.17%, Whitelist: 0, IPv4: 1, IPv6: 45, Min Delay: 578 ms, Max Speed: 3.14 M/s, Avg Speed: 3.14 M/s, Max Resolution: 1920x1080
Category: 📡卫视频道, Name: 香港卫视, Total: 12, Valid: 0, Valid Percent: 0.00%, Whitelist: 0, IPv4: 0, IPv6: 12, Min Delay: -1 ms, Max Speed: 0.00 M/s, Avg Speed: 0.00 M/s, Max Resolution: None
Category: 📡卫视频道, Name: 浙江卫视, Total: 71, Valid: 9, Valid Percent: 12.68%, Whitelist: 0, IPv4: 9, IPv6: 62, Min Delay: 52 ms, Max Speed: 20.85 M/s, Avg Speed: 5.58 M/s, Max Resolution: 1920x1080
Category: 📡卫视频道, Name: 湖南卫视, Total: 58, Valid: 4, Valid Percent: 6.90%, Whitelist: 0, IPv4: 4, IPv6: 54, Min Delay: 18 ms, Max Speed: 18.70 M/s, Avg Speed: 6.49 M/s, Max Resolution: 3840x2160
Category: 📡卫视频道, Name: 北京卫视, Total: 55, Valid: 4, Valid Percent: 7.27%, Whitelist: 0, IPv4: 4, IPv6: 51, Min Delay: 19 ms, Max Speed: 17.21 M/s, Avg Speed: 9.44 M/s, Max Resolution: 1920x1080
Category: 📡卫视频道, Name: 湖北卫视, Total: 40, Valid: 2, Valid Percent: 5.00%, Whitelist: 0, IPv4: 2, IPv6: 38, Min Delay: 51 ms, Max Speed: 19.33 M/s, Avg Speed: 11.09 M/s, Max Resolution: 1920x1080
Category: 📡卫视频道, Name: 黑龙江卫视, Total: 20, Valid: 1, Valid Percent: 5.00%, Whitelist: 0, IPv4: 1, IPv6: 19, Min Delay: 51 ms, Max Speed: 19.49 M/s, Avg Speed: 19.49 M/s, Max Resolution: 1920x1080
Category: 📡卫视频道, Name: 安徽卫视, Total: 19, Valid: 1, Valid Percent: 5.26%, Whitelist: 0, IPv4: 1, IPv6: 18, Min Delay: 1007 ms, Max Speed: 2.56 M/s, Avg Speed: 2.56 M/s, Max Resolution: 1920x1080
Category: 📡卫视频道, Name: 重庆卫视, Total: 17, Valid: 2, Valid Percent: 11.76%, Whitelist: 0, IPv4: 2, IPv6: 15, Min Delay: 71 ms, Max Speed: 16.93 M/s, Avg Speed: 10.24 M/s, Max Resolution: 1920x1080
Category: 📡卫视频道, Name: 东方卫视, Total: 54, Valid: 2, Valid Percent: 3.70%, Whitelist: 0, IPv4: 2, IPv6: 52, Min Delay: 56 ms, Max Speed: 18.09 M/s, Avg Speed: 10.84 M/s, Max Resolution: 1920x1080
Category: 📡卫视频道, Name: 东南卫视, Total: 20, Valid: 1, Valid Percent: 5.00%, Whitelist: 0, IPv4: 1, IPv6: 19, Min Delay: 1214 ms, Max Speed: 2.56 M/s, Avg Speed: 2.56 M/s, Max Resolution: 1920x1080
Category: 📡卫视频道, Name: 甘肃卫视, Total: 16, Valid: 1, Valid Percent: 6.25%, Whitelist: 0, IPv4: 1, IPv6: 15, Min Delay: 53 ms, Max Speed: 18.63 M/s, Avg Speed: 18.63 M/s, Max Resolution: 1920x1080
Category: 📡卫视频道, Name: 广西卫视, Total: 18, Valid: 3, Valid Percent: 16.67%, Whitelist: 0, IPv4: 3, IPv6: 15, Min Delay: 49 ms, Max Speed: 18.44 M/s, Avg Speed: 8.57 M/s, Max Resolution: 1920x1080
Category: 📡卫视频道, Name: 贵州卫视, Total: 17, Valid: 2, Valid Percent: 11.76%, Whitelist: 0, IPv4: 2, IPv6: 15, Min Delay: 53 ms, Max Speed: 19.01 M/s, Avg Speed: 10.54 M/s, Max Resolution: 1920x1080
Category: 📡卫视频道, Name: 海南卫视, Total: 63, Valid: 1, Valid Percent: 1.59%, Whitelist: 0, IPv4: 1, IPv6: 62, Min Delay: 52 ms, Max Speed: 18.57 M/s, Avg Speed: 18.57 M/s, Max Resolution: 1920x1080
Category: 📡卫视频道, Name: 河北卫视, Total: 20, Valid: 1, Valid Percent: 5.00%, Whitelist: 0, IPv4: 1, IPv6: 19, Min Delay: 594 ms, Max Speed: 3.85 M/s, Avg Speed: 3.85 M/s, Max Resolution: 1920x1080
Category: 📡卫视频道, Name: 河南卫视, Total: 40, Valid: 2, Valid Percent: 5.00%, Whitelist: 0, IPv4: 2, IPv6: 38, Min Delay: 51 ms, Max Speed: 18.82 M/s, Avg Speed: 18.57 M/s, Max Resolution: 1920x1080
Category: 📡卫视频道, Name: 吉林卫视, Total: 39, Valid: 3, Valid Percent: 7.69%, Whitelist: 0, IPv4: 3, IPv6: 36, Min Delay: 52 ms, Max Speed: 18.04 M/s, Avg Speed: 10.55 M/s, Max Resolution: 1920x1080
Category: 📡卫视频道, Name: 江苏卫视, Total: 44, Valid: 2, Valid Percent: 4.55%, Whitelist: 0, IPv4: 2, IPv6: 42, Min Delay: 55 ms, Max Speed: 16.95 M/s, Avg Speed: 12.66 M/s, Max Resolution: 1920x1080
Category: 📡卫视频道, Name: 江西卫视, Total: 42, Valid: 2, Valid Percent: 4.76%, Whitelist: 0, IPv4: 2, IPv6: 40, Min Delay: 55 ms, Max Speed: 18.38 M/s, Avg Speed: 10.38 M/s, Max Resolution: 1920x1080
Category: 📡卫视频道, Name: 辽宁卫视, Total: 44, Valid: 3, Valid Percent: 6.82%, Whitelist: 0, IPv4: 3, IPv6: 41, Min Delay: 55 ms, Max Speed: 18.56 M/s, Avg Speed: 8.97 M/s, Max Resolution: 1920x1080
Category: 📡卫视频道, Name: 内蒙古卫视, Total: 39, Valid: 3, Valid Percent: 7.69%, Whitelist: 0, IPv4: 3, IPv6: 36, Min Delay: 59 ms, Max Speed: 18.86 M/s, Avg Speed: 9.58 M/s, Max Resolution: 1920x1080
Category: 📡卫视频道, Name: 宁夏卫视, Total: 33, Valid: 2, Valid Percent: 6.06%, Whitelist: 0, IPv4: 2, IPv6: 31, Min Delay: 53 ms, Max Speed: 19.00 M/s, Avg Speed: 12.96 M/s, Max Resolution: 1920x1080
Category: 📡卫视频道, Name: 青海卫视, Total: 38, Valid: 2, Valid Percent: 5.26%, Whitelist: 0, IPv4: 2, IPv6: 36, Min Delay: 197 ms, Max Speed: 3.69 M/s, Avg Speed: 2.07 M/s, Max Resolution: 1920x1080
Category: 📡卫视频道, Name: 山东卫视, Total: 19, Valid: 2, Valid Percent: 10.53%, Whitelist: 0, IPv4: 2, IPv6: 17, Min Delay: 53 ms, Max Speed: 17.59 M/s, Avg Speed: 12.91 M/s, Max Resolution: 1920x1080
Category: 📡卫视频道, Name: 山西卫视, Total: 14, Valid: 2, Valid Percent: 14.29%, Whitelist: 0, IPv4: 2, IPv6: 12, Min Delay: 373 ms, Max Speed: 5.49 M/s, Avg Speed: 3.76 M/s, Max Resolution: 1920x1080
Category: 📡卫视频道, Name: 陕西卫视, Total: 37, Valid: 3, Valid Percent: 8.11%, Whitelist: 0, IPv4: 3, IPv6: 34, Min Delay: 58 ms, Max Speed: 17.21 M/s, Avg Speed: 10.21 M/s, Max Resolution: 1920x1080
Category: 📡卫视频道, Name: 四川卫视, Total: 22, Valid: 3, Valid Percent: 13.64%, Whitelist: 0, IPv4: 3, IPv6: 19, Min Delay: 18 ms, Max Speed: 17.69 M/s, Avg Speed: 9.65 M/s, Max Resolution: 1920x1080
Category: 📡卫视频道, Name: 深圳卫视, Total: 28, Valid: 5, Valid Percent: 17.86%, Whitelist: 0, IPv4: 5, IPv6: 23, Min Delay: 59 ms, Max Speed: 17.43 M/s, Avg Speed: 6.77 M/s, Max Resolution: 1920x1080
Category: 📡卫视频道, Name: 三沙卫视, Total: 29, Valid: 1, Valid Percent: 3.45%, Whitelist: 0, IPv4: 1, IPv6: 28, Min Delay: 454 ms, Max Speed: 11.50 M/s, Avg Speed: 11.50 M/s, Max Resolution: 1920x1080
Category: 📡卫视频道, Name: 天津卫视, Total: 20, Valid: 3, Valid Percent: 15.00%, Whitelist: 0, IPv4: 3, IPv6: 17, Min Delay: 51 ms, Max Speed: 17.07 M/s, Avg Speed: 10.19 M/s, Max Resolution: 1920x1080
Category: 📡卫视频道, Name: 西藏卫视, Total: 6, Valid: 1, Valid Percent: 16.67%, Whitelist: 0, IPv4: 1, IPv6: 5, Min Delay: 55 ms, Max Speed: 18.58 M/s, Avg Speed: 18.58 M/s, Max Resolution: 1920x1080
Category: 📡卫视频道, Name: 新疆卫视, Total: 16, Valid: 1, Valid Percent: 6.25%, Whitelist: 0, IPv4: 1, IPv6: 15, Min Delay: 51 ms, Max Speed: 19.41 M/s, Avg Speed: 19.41 M/s, Max Resolution: 1920x1080
Category: 📡卫视频道, Name: 云南卫视, Total: 16, Valid: 3, Valid Percent: 18.75%, Whitelist: 0, IPv4: 3, IPv6: 13, Min Delay: 54 ms, Max Speed: 18.43 M/s, Avg Speed: 10.31 M/s, Max Resolution: 1920x1080
Category: ☘️广东频道, Name: 广东珠江, Total: 46, Valid: 0, Valid Percent: 0.00%, Whitelist: 0, IPv4: 0, IPv6: 46, Min Delay: -1 ms, Max Speed: 0.00 M/s, Avg Speed: 0.00 M/s, Max Resolution: None
Category: ☘️广东频道, Name: 广东体育, Total: 74, Valid: 0, Valid Percent: 0.00%, Whitelist: 0, IPv4: 0, IPv6: 74, Min Delay: -1 ms, Max Speed: 0.00 M/s, Avg Speed: 0.00 M/s, Max Resolution: None
Category: ☘️广东频道, Name: 广东新闻, Total: 44, Valid: 0, Valid Percent: 0.00%, Whitelist: 0, IPv4: 0, IPv6: 44, Min Delay: -1 ms, Max Speed: 0.00 M/s, Avg Speed: 0.00 M/s, Max Resolution: None
Category: ☘️广东频道, Name: 广东卫视, Total: 45, Valid: 0, Valid Percent: 0.00%, Whitelist: 0, IPv4: 0, IPv6: 45, Min Delay: -1 ms, Max Speed: 0.00 M/s, Avg Speed: 0.00 M/s, Max Resolution: None
Category: ☘️广东频道, Name: 广东民生, Total: 39, Valid: 0, Valid Percent: 0.00%, Whitelist: 0, IPv4: 0, IPv6: 39, Min Delay: -1 ms, Max Speed: 0.00 M/s, Avg Speed: 0.00 M/s, Max Resolution: None
Category: ☘️广东频道, Name: 大湾区卫视, Total: 33, Valid: 0, Valid Percent: 0.00%, Whitelist: 0, IPv4: 0, IPv6: 33, Min Delay: -1 ms, Max Speed: 0.00 M/s, Avg Speed: 0.00 M/s, Max Resolution: None
Category: ☘️广东频道, Name: 广州综合, Total: 20, Valid: 0, Valid Percent: 0.00%, Whitelist: 0, IPv4: 0, IPv6: 20, Min Delay: -1 ms, Max Speed: 0.00 M/s, Avg Speed: 0.00 M/s, Max Resolution: None
Category: ☘️广东频道, Name: 广州影视, Total: 7, Valid: 0, Valid Percent: 0.00%, Whitelist: 0, IPv4: 0, IPv6: 7, Min Delay: -1 ms, Max Speed: 0.00 M/s, Avg Speed: 0.00 M/s, Max Resolution: None
Category: ☘️广东频道, Name: 广州竞赛, Total: 9, Valid: 0, Valid Percent: 0.00%, Whitelist: 0, IPv4: 0, IPv6: 9, Min Delay: -1 ms, Max Speed: 0.00 M/s, Avg Speed: 0.00 M/s, Max Resolution: None
Category: ☘️广东频道, Name: 江门综合, Total: 8, Valid: 0, Valid Percent: 0.00%, Whitelist: 0, IPv4: 0, IPv6: 8, Min Delay: -1 ms, Max Speed: 0.00 M/s, Avg Speed: 0.00 M/s, Max Resolution: None
Category: ☘️广东频道, Name: 佛山综合, Total: 8, Valid: 0, Valid Percent: 0.00%, Whitelist: 0, IPv4: 0, IPv6: 8, Min Delay: -1 ms, Max Speed: 0.00 M/s, Avg Speed: 0.00 M/s, Max Resolution: None
Category: ☘️广东频道, Name: 深圳卫视, Total: 23, Valid: 0, Valid Percent: 0.00%, Whitelist: 0, IPv4: 0, IPv6: 23, Min Delay: -1 ms, Max Speed: 0.00 M/s, Avg Speed: 0.00 M/s, Max Resolution: None
Category: ☘️广东频道, Name: 汕头综合, Total: 9, Valid: 0, Valid Percent: 0.00%, Whitelist: 0, IPv4: 0, IPv6: 9, Min Delay: -1 ms, Max Speed: 0.00 M/s, Avg Speed: 0.00 M/s, Max Resolution: None
Category: ☘️广东频道, Name: 汕头经济, Total: 6, Valid: 0, Valid Percent: 0.00%, Whitelist: 0, IPv4: 0, IPv6: 6, Min Delay: -1 ms, Max Speed: 0.00 M/s, Avg Speed: 0.00 M/s, Max Resolution: None
Category: ☘️浙江频道, Name: 浙江钱江, Total: 7, Valid: 4, Valid Percent: 57.14%, Whitelist: 0, IPv4: 4, IPv6: 3, Min Delay: 1745 ms, Max Speed: 0.99 M/s, Avg Speed: 0.93 M/s, Max Resolution: 1920x1080
Category: ☘️浙江频道, Name: 浙江钱江都市, Total: 4, Valid: 1, Valid Percent: 25.00%, Whitelist: 0, IPv4: 1, IPv6: 3, Min Delay: 2367 ms, Max Speed: 1.39 M/s, Avg Speed: 1.39 M/s, Max Resolution: 1920x1080
Category: ☘️浙江频道, Name: 浙江生活, Total: 7, Valid: 3, Valid Percent: 42.86%, Whitelist: 0, IPv4: 3, IPv6: 4, Min Delay: 1815 ms, Max Speed: 1.02 M/s, Avg Speed: 0.97 M/s, Max Resolution: 1920x1080
Category: ☘️浙江频道, Name: 浙江经济生活, Total: 5, Valid: 2, Valid Percent: 40.00%, Whitelist: 0, IPv4: 2, IPv6: 3, Min Delay: 1980 ms, Max Speed: 2.85 M/s, Avg Speed: 2.14 M/s, Max Resolution: 1920x1080
Category: ☘️浙江频道, Name: 浙江教育, Total: 2, Valid: 2, Valid Percent: 100.00%, Whitelist: 0, IPv4: 2, IPv6: 0, Min Delay: 2053 ms, Max Speed: 0.92 M/s, Avg Speed: 0.91 M/s, Max Resolution: 1920x1080
Category: ☘️浙江频道, Name: 浙江民生, Total: 7, Valid: 4, Valid Percent: 57.14%, Whitelist: 0, IPv4: 4, IPv6: 3, Min Delay: 1989 ms, Max Speed: 1.16 M/s, Avg Speed: 1.04 M/s, Max Resolution: 1920x1080
Category: ☘️浙江频道, Name: 浙江新闻, Total: 15, Valid: 5, Valid Percent: 33.33%, Whitelist: 0, IPv4: 5, IPv6: 10, Min Delay: 1741 ms, Max Speed: 1.37 M/s, Avg Speed: 1.01 M/s, Max Resolution: 1920x1080
Category: ☘️浙江频道, Name: 浙江少儿, Total: 7, Valid: 3, Valid Percent: 42.86%, Whitelist: 0, IPv4: 3, IPv6: 4, Min Delay: 1769 ms, Max Speed: 1.01 M/s, Avg Speed: 0.95 M/s, Max Resolution: 1920x1080
Category: ☘️浙江频道, Name: 杭州综合, Total: 2, Valid: 0, Valid Percent: 0.00%, Whitelist: 0, IPv4: 0, IPv6: 2, Min Delay: -1 ms, Max Speed: 0.00 M/s, Avg Speed: 0.00 M/s, Max Resolution: None
Category: ☘️浙江频道, Name: 杭州明珠, Total: 2, Valid: 0, Valid Percent: 0.00%, Whitelist: 0, IPv4: 0, IPv6: 2, Min Delay: -1 ms, Max Speed: 0.00 M/s, Avg Speed: 0.00 M/s, Max Resolution: None
Category: ☘️浙江频道, Name: 杭州生活, Total: 3, Valid: 0, Valid Percent: 0.00%, Whitelist: 0, IPv4: 0, IPv6: 3, Min Delay: -1 ms, Max Speed: 0.00 M/s, Avg Speed: 0.00 M/s, Max Resolution: None
Category: ☘️浙江频道, Name: 杭州影视, Total: 1, Valid: 0, Valid Percent: 0.00%, Whitelist: 0, IPv4: 0, IPv6: 1, Min Delay: -1 ms, Max Speed: 0.00 M/s, Avg Speed: 0.00 M/s, Max Resolution: None
Category: ☘️浙江频道, Name: 浙江教科, Total: 1, Valid: 1, Valid Percent: 100.00%, Whitelist: 0, IPv4: 1, IPv6: 0, Min Delay: 1792 ms, Max Speed: 1.02 M/s, Avg Speed: 1.02 M/s, Max Resolution: 1920x1080
Category: ☘️浙江频道, Name: 之江纪录, Total: 3, Valid: 3, Valid Percent: 100.00%, Whitelist: 0, IPv4: 3, IPv6: 0, Min Delay: 1966 ms, Max Speed: 2.82 M/s, Avg Speed: 1.53 M/s, Max Resolution: 1920x1080
Category: ☘️浙江频道, Name: 浙江国际, Total: 12, Valid: 5, Valid Percent: 41.67%, Whitelist: 0, IPv4: 5, IPv6: 7, Min Delay: 1873 ms, Max Speed: 1.35 M/s, Avg Speed: 0.93 M/s, Max Resolution: 1920x1080
Category: ☘️浙江频道, Name: 嘉兴新闻综合, Total: 2, Valid: 1, Valid Percent: 50.00%, Whitelist: 0, IPv4: 1, IPv6: 1, Min Delay: 2322 ms, Max Speed: 0.12 M/s, Avg Speed: 0.12 M/s, Max Resolution: 1920x1080
Category: ☘️浙江频道, Name: 湖州公共, Total: 7, Valid: 0, Valid Percent: 0.00%, Whitelist: 0, IPv4: 0, IPv6: 7, Min Delay: -1 ms, Max Speed: 0.00 M/s, Avg Speed: 0.00 M/s, Max Resolution: None
Category: ☘️浙江频道, Name: 湖州新闻综合, Total: 3, Valid: 3, Valid Percent: 100.00%, Whitelist: 0, IPv4: 3, IPv6: 0, Min Delay: 1100 ms, Max Speed: 0.14 M/s, Avg Speed: 0.13 M/s, Max Resolution: 1280x720
Category: ☘️浙江频道, Name: 湖州文化娱乐, Total: 3, Valid: 3, Valid Percent: 100.00%, Whitelist: 0, IPv4: 3, IPv6: 0, Min Delay: 1172 ms, Max Speed: 0.18 M/s, Avg Speed: 0.16 M/s, Max Resolution: 1280x720
Category: ☘️浙江频道, Name: 浙江留学, Total: 1, Valid: 1, Valid Percent: 100.00%, Whitelist: 0, IPv4: 1, IPv6: 0, Min Delay: 1495 ms, Max Speed: 0.25 M/s, Avg Speed: 0.25 M/s, Max Resolution: 1920x1080
Category: ☘️浙江频道, Name: 浙江民生休闲, Total: 7, Valid: 1, Valid Percent: 14.29%, Whitelist: 0, IPv4: 1, IPv6: 6, Min Delay: 138 ms, Max Speed: 14.20 M/s, Avg Speed: 14.20 M/s, Max Resolution: 1920x1080
Category: ☘️浙江频道, Name: 浙江数码时代, Total: 1, Valid: 1, Valid Percent: 100.00%, Whitelist: 0, IPv4: 1, IPv6: 0, Min Delay: 2122 ms, Max Speed: 0.87 M/s, Avg Speed: 0.87 M/s, Max Resolution: 1920x1080
Category: ☘️浙江频道, Name: 浙江教科影院, Total: 1, Valid: 1, Valid Percent: 100.00%, Whitelist: 0, IPv4: 1, IPv6: 0, Min Delay: 1851 ms, Max Speed: 1.01 M/s, Avg Speed: 1.01 M/s, Max Resolution: 1920x1080
Category: ☘️浙江频道, Name: 浙江教科影视, Total: 2, Valid: 2, Valid Percent: 100.00%, Whitelist: 0, IPv4: 2, IPv6: 0, Min Delay: 1797 ms, Max Speed: 2.39 M/s, Avg Speed: 1.56 M/s, Max Resolution: 1920x1080
Category: ☘️浙江频道, Name: 浙江公共新闻, Total: 5, Valid: 1, Valid Percent: 20.00%, Whitelist: 0, IPv4: 1, IPv6: 4, Min Delay: 2253 ms, Max Speed: 1.51 M/s, Avg Speed: 1.51 M/s, Max Resolution: 1920x1080
Category: ☘️浙江频道, Name: 浙江休闲台, Total: 1, Valid: 1, Valid Percent: 100.00%, Whitelist: 0, IPv4: 1, IPv6: 0, Min Delay: 2111 ms, Max Speed: 0.78 M/s, Avg Speed: 0.78 M/s, Max Resolution: 1280x720
Category: ☘️浙江频道, Name: 浙江青田, Total: 1, Valid: 1, Valid Percent: 100.00%, Whitelist: 0, IPv4: 1, IPv6: 0, Min Delay: 2041 ms, Max Speed: 0.65 M/s, Avg Speed: 0.65 M/s, Max Resolution: 1920x1080
Category: ☘️浙江频道, Name: 浙江遂昌, Total: 1, Valid: 1, Valid Percent: 100.00%, Whitelist: 0, IPv4: 1, IPv6: 0, Min Delay: 1865 ms, Max Speed: 0.50 M/s, Avg Speed: 0.50 M/s, Max Resolution: 1920x1080
Category: ☘️浙江频道, Name: 诸暨新闻综合, Total: 2, Valid: 2, Valid Percent: 100.00%, Whitelist: 0, IPv4: 2, IPv6: 0, Min Delay: 2199 ms, Max Speed: 1.39 M/s, Avg Speed: 1.33 M/s, Max Resolution: 1920x1080
Category: ☘️浙江频道, Name: 龙游生活娱乐, Total: 3, Valid: 3, Valid Percent: 100.00%, Whitelist: 0, IPv4: 3, IPv6: 0, Min Delay: 2149 ms, Max Speed: 1.12 M/s, Avg Speed: 1.08 M/s, Max Resolution: 1280x720
Category: ☘️浙江频道, Name: 龙游新闻综合, Total: 2, Valid: 2, Valid Percent: 100.00%, Whitelist: 0, IPv4: 2, IPv6: 0, Min Delay: 2183 ms, Max Speed: 1.09 M/s, Avg Speed: 1.06 M/s, Max Resolution: 1280x720
Category: ☘️浙江频道, Name: 龙泉新闻综合, Total: 1, Valid: 1, Valid Percent: 100.00%, Whitelist: 0, IPv4: 1, IPv6: 0, Min Delay: 2143 ms, Max Speed: 0.84 M/s, Avg Speed: 0.84 M/s, Max Resolution: 1920x1080
Category: ☘️浙江频道, Name: 遂昌综合, Total: 1, Valid: 1, Valid Percent: 100.00%, Whitelist: 0, IPv4: 1, IPv6: 0, Min Delay: 1815 ms, Max Speed: 0.50 M/s, Avg Speed: 0.50 M/s, Max Resolution: 1920x1080
Category: ☘️浙江频道, Name: 象山综合, Total: 2, Valid: 1, Valid Percent: 50.00%, Whitelist: 0, IPv4: 1, IPv6: 1, Min Delay: 558 ms, Max Speed: 2.32 M/s, Avg Speed: 2.32 M/s, Max Resolution: 1920x1080
Category: ☘️浙江频道, Name: 象山电视台新闻综合, Total: 1, Valid: 1, Valid Percent: 100.00%, Whitelist: 0, IPv4: 1, IPv6: 0, Min Delay: 2092 ms, Max Speed: 0.80 M/s, Avg Speed: 0.80 M/s, Max Resolution: 1280x720
Category: ☘️浙江频道, Name: 衢江新闻综合, Total: 5, Valid: 0, Valid Percent: 0.00%, Whitelist: 0, IPv4: 0, IPv6: 5, Min Delay: -1 ms, Max Speed: 0.00 M/s, Avg Speed: 0.00 M/s, Max Resolution: None
Category: ☘️浙江频道, Name: 萧山生活, Total: 3, Valid: 3, Valid Percent: 100.00%, Whitelist: 0, IPv4: 3, IPv6: 0, Min Delay: 2247 ms, Max Speed: 1.06 M/s, Avg Speed: 1.04 M/s, Max Resolution: 1280x720
Category: ☘️浙江频道, Name: 萧山新闻综合, Total: 10, Valid: 0, Valid Percent: 0.00%, Whitelist: 0, IPv4: 0, IPv6: 10, Min Delay: -1 ms, Max Speed: 0.00 M/s, Avg Speed: 0.00 M/s, Max Resolution: None
Category: ☘️浙江频道, Name: 苍南新闻综合, Total: 7, Valid: 0, Valid Percent: 0.00%, Whitelist: 0, IPv4: 0, IPv6: 7, Min Delay: -1 ms, Max Speed: 0.00 M/s, Avg Speed: 0.00 M/s, Max Resolution: None
Category: ☘️浙江频道, Name: 缙云综合, Total: 2, Valid: 2, Valid Percent: 100.00%, Whitelist: 0, IPv4: 2, IPv6: 0, Min Delay: 2047 ms, Max Speed: 0.82 M/s, Avg Speed: 0.80 M/s, Max Resolution: 1280x720
Category: ☘️浙江频道, Name: 缙云新闻综合, Total: 1, Valid: 1, Valid Percent: 100.00%, Whitelist: 0, IPv4: 1, IPv6: 0, Min Delay: 1909 ms, Max Speed: 0.83 M/s, Avg Speed: 0.83 M/s, Max Resolution: 1280x720
Category: ☘️浙江频道, Name: 绍兴电视台公共, Total: 1, Valid: 1, Valid Percent: 100.00%, Whitelist: 0, IPv4: 1, IPv6: 0, Min Delay: 3889 ms, Max Speed: 0.19 M/s, Avg Speed: 0.19 M/s, Max Resolution: 1280x720
Category: ☘️浙江频道, Name: 绍兴新闻综合, Total: 6, Valid: 0, Valid Percent: 0.00%, Whitelist: 0, IPv4: 0, IPv6: 6, Min Delay: -1 ms, Max Speed: 0.00 M/s, Avg Speed: 0.00 M/s, Max Resolution: None
Category: ☘️浙江频道, Name: 绍兴文化影院, Total: 5, Valid: 0, Valid Percent: 0.00%, Whitelist: 0, IPv4: 0, IPv6: 5, Min Delay: -1 ms, Max Speed: 0.00 M/s, Avg Speed: 0.00 M/s, Max Resolution: None
Category: ☘️浙江频道, Name: 绍兴文化影视, Total: 2, Valid: 0, Valid Percent: 0.00%, Whitelist: 0, IPv4: 0, IPv6: 2, Min Delay: -1 ms, Max Speed: 0.00 M/s, Avg Speed: 0.00 M/s, Max Resolution: None
Category: ☘️浙江频道, Name: 绍兴公共, Total: 9, Valid: 0, Valid Percent: 0.00%, Whitelist: 0, IPv4: 0, IPv6: 9, Min Delay: -1 ms, Max Speed: 0.00 M/s, Avg Speed: 0.00 M/s, Max Resolution: None
Category: ☘️浙江频道, Name: 湖州公共民生, Total: 1, Valid: 1, Valid Percent: 100.00%, Whitelist: 0, IPv4: 1, IPv6: 0, Min Delay: 1081 ms, Max Speed: 0.14 M/s, Avg Speed: 0.14 M/s, Max Resolution: 1280x720
Category: ☘️浙江频道, Name: 海宁新闻综合, Total: 3, Valid: 3, Valid Percent: 100.00%, Whitelist: 0, IPv4: 3, IPv6: 0, Min Delay: 160 ms, Max Speed: 1.57 M/s, Avg Speed: 1.13 M/s, Max Resolution: 1280x720
Category: ☘️浙江频道, Name: 洞头综合, Total: 2, Valid: 2, Valid Percent: 100.00%, Whitelist: 0, IPv4: 2, IPv6: 0, Min Delay: 2114 ms, Max Speed: 0.85 M/s, Avg Speed: 0.84 M/s, Max Resolution: 720x540
Category: ☘️浙江频道, Name: 永嘉新闻综合, Total: 5, Valid: 0, Valid Percent: 0.00%, Whitelist: 0, IPv4: 0, IPv6: 5, Min Delay: -1 ms, Max Speed: 0.00 M/s, Avg Speed: 0.00 M/s, Max Resolution: None
Category: ☘️浙江频道, Name: 武义新闻综合, Total: 1, Valid: 0, Valid Percent: 0.00%, Whitelist: 0, IPv4: 0, IPv6: 1, Min Delay: -1 ms, Max Speed: 0.00 M/s, Avg Speed: 0.00 M/s, Max Resolution: None
Category: ☘️浙江频道, Name: 松阳综合, Total: 1, Valid: 1, Valid Percent: 100.00%, Whitelist: 0, IPv4: 1, IPv6: 0, Min Delay: 2943 ms, Max Speed: 3.04 M/s, Avg Speed: 3.04 M/s, Max Resolution: 1920x1080
Category: ☘️浙江频道, Name: 普陀电视台, Total: 2, Valid: 2, Valid Percent: 100.00%, Whitelist: 0, IPv4: 2, IPv6: 0, Min Delay: 2108 ms, Max Speed: 0.80 M/s, Avg Speed: 0.79 M/s, Max Resolution: 1280x720
Category: ☘️浙江频道, Name: 普陀新闻综合, Total: 1, Valid: 1, Valid Percent: 100.00%, Whitelist: 0, IPv4: 1, IPv6: 0, Min Delay: 2084 ms, Max Speed: 0.84 M/s, Avg Speed: 0.84 M/s, Max Resolution: 1280x720
Category: ☘️浙江频道, Name: 新昌生活, Total: 1, Valid: 1, Valid Percent: 100.00%, Whitelist: 0, IPv4: 1, IPv6: 0, Min Delay: 1936 ms, Max Speed: 0.59 M/s, Avg Speed: 0.59 M/s, Max Resolution: 1920x1080
Category: ☘️浙江频道, Name: 新昌新闻综合, Total: 3, Valid: 0, Valid Percent: 0.00%, Whitelist: 0, IPv4: 0, IPv6: 3, Min Delay: -1 ms, Max Speed: 0.00 M/s, Avg Speed: 0.00 M/s, Max Resolution: None
Category: ☘️浙江频道, Name: 文成综合, Total: 2, Valid: 2, Valid Percent: 100.00%, Whitelist: 0, IPv4: 2, IPv6: 0, Min Delay: 2002 ms, Max Speed: 0.82 M/s, Avg Speed: 0.82 M/s, Max Resolution: 1280x720
Category: ☘️浙江频道, Name: 文成新闻综合, Total: 1, Valid: 1, Valid Percent: 100.00%, Whitelist: 0, IPv4: 1, IPv6: 0, Min Delay: 2116 ms, Max Speed: 0.81 M/s, Avg Speed: 0.81 M/s, Max Resolution: 1280x720
Category: ☘️浙江频道, Name: 数码时代, Total: 1, Valid: 1, Valid Percent: 100.00%, Whitelist: 0, IPv4: 1, IPv6: 0, Min Delay: 1898 ms, Max Speed: 1.18 M/s, Avg Speed: 1.18 M/s, Max Resolution: 1280x720
Category: ☘️浙江频道, Name: 开化新闻综合, Total: 2, Valid: 0, Valid Percent: 0.00%, Whitelist: 0, IPv4: 0, IPv6: 2, Min Delay: -1 ms, Max Speed: 0.00 M/s, Avg Speed: 0.00 M/s, Max Resolution: None
Category: ☘️浙江频道, Name: 开化国家公园, Total: 4, Valid: 4, Valid Percent: 100.00%, Whitelist: 0, IPv4: 4, IPv6: 0, Min Delay: 1928 ms, Max Speed: 0.83 M/s, Avg Speed: 0.80 M/s, Max Resolution: 1280x720
Category: ☘️浙江频道, Name: 庆元综合, Total: 2, Valid: 2, Valid Percent: 100.00%, Whitelist: 0, IPv4: 2, IPv6: 0, Min Delay: 2177 ms, Max Speed: 1.06 M/s, Avg Speed: 1.06 M/s, Max Resolution: 1920x1080
Category: ☘️浙江频道, Name: 平湖民生休闲, Total: 2, Valid: 2, Valid Percent: 100.00%, Whitelist: 0, IPv4: 2, IPv6: 0, Min Delay: 1494 ms, Max Speed: 0.22 M/s, Avg Speed: 0.22 M/s, Max Resolution: 1280x720
Category: ☘️浙江频道, Name: 平湖新闻综合, Total: 7, Valid: 0, Valid Percent: 0.00%, Whitelist: 0, IPv4: 0, IPv6: 7, Min Delay: -1 ms, Max Speed: 0.00 M/s, Avg Speed: 0.00 M/s, Max Resolution: None
Category: ☘️浙江频道, Name: 嵊泗综合, Total: 2, Valid: 0, Valid Percent: 0.00%, Whitelist: 0, IPv4: 0, IPv6: 2, Min Delay: -1 ms, Max Speed: 0.00 M/s, Avg Speed: 0.00 M/s, Max Resolution: None
Category: ☘️浙江频道, Name: 嵊泗新闻综合, Total: 1, Valid: 1, Valid Percent: 100.00%, Whitelist: 0, IPv4: 1, IPv6: 0, Min Delay: 2053 ms, Max Speed: 0.81 M/s, Avg Speed: 0.81 M/s, Max Resolution: 720x576
Category: ☘️浙江频道, Name: 嵊州新闻综合, Total: 1, Valid: 0, Valid Percent: 0.00%, Whitelist: 0, IPv4: 0, IPv6: 1, Min Delay: -1 ms, Max Speed: 0.00 M/s, Avg Speed: 0.00 M/s, Max Resolution: None
Category: ☘️浙江频道, Name: 兰溪新闻综合, Total: 4, Valid: 0, Valid Percent: 0.00%, Whitelist: 0, IPv4: 0, IPv6: 4, Min Delay: -1 ms, Max Speed: 0.00 M/s, Avg Speed: 0.00 M/s, Max Resolution: None
Category: ☘️浙江频道, Name: 余杭综合, Total: 1, Valid: 1, Valid Percent: 100.00%, Whitelist: 0, IPv4: 1, IPv6: 0, Min Delay: 2011 ms, Max Speed: 0.63 M/s, Avg Speed: 0.63 M/s, Max Resolution: 1920x1080
Category: ☘️浙江频道, Name: 余杭未来E, Total: 1, Valid: 1, Valid Percent: 100.00%, Whitelist: 0, IPv4: 1, IPv6: 0, Min Delay: 2185 ms, Max Speed: 0.90 M/s, Avg Speed: 0.90 M/s, Max Resolution: 1920x1080
Category: ☘️浙江频道, Name: 余姚综合, Total: 1, Valid: 1, Valid Percent: 100.00%, Whitelist: 0, IPv4: 1, IPv6: 0, Min Delay: 2122 ms, Max Speed: 0.84 M/s, Avg Speed: 0.84 M/s, Max Resolution: 1920x1080
Category: ☘️浙江频道, Name: 余姚新闻综合, Total: 1, Valid: 1, Valid Percent: 100.00%, Whitelist: 0, IPv4: 1, IPv6: 0, Min Delay: 2190 ms, Max Speed: 0.84 M/s, Avg Speed: 0.84 M/s, Max Resolution: 1920x1080
Category: ☘️浙江频道, Name: 余姚姚江文化, Total: 1, Valid: 1, Valid Percent: 100.00%, Whitelist: 0, IPv4: 1, IPv6: 0, Min Delay: 1975 ms, Max Speed: 0.58 M/s, Avg Speed: 0.58 M/s, Max Resolution: 720x576
Category: ☘️浙江频道, Name: 云和新闻综合, Total: 2, Valid: 2, Valid Percent: 100.00%, Whitelist: 0, IPv4: 2, IPv6: 0, Min Delay: 2144 ms, Max Speed: 1.24 M/s, Avg Speed: 1.23 M/s, Max Resolution: 1280x720
Category: ☘️浙江频道, Name: 中国蓝新闻, Total: 2, Valid: 2, Valid Percent: 100.00%, Whitelist: 0, IPv4: 2, IPv6: 0, Min Delay: 1226 ms, Max Speed: 0.29 M/s, Avg Speed: 0.27 M/s, Max Resolution: 1920x1080
Category: ☘️浙江频道, Name: 东阳影视生活, Total: 1, Valid: 1, Valid Percent: 100.00%, Whitelist: 0, IPv4: 1, IPv6: 0, Min Delay: 2346 ms, Max Speed: 1.31 M/s, Avg Speed: 1.31 M/s, Max Resolution: 1280x720
Category: ☘️浙江频道, Name: 上虞新闻综合, Total: 2, Valid: 2, Valid Percent: 100.00%, Whitelist: 0, IPv4: 2, IPv6: 0, Min Delay: 2272 ms, Max Speed: 1.51 M/s, Avg Speed: 1.49 M/s, Max Resolution: 1920x1080
Category: ☘️浙江频道, Name: 上虞新商都, Total: 9, Valid: 0, Valid Percent: 0.00%, Whitelist: 0, IPv4: 0, IPv6: 9, Min Delay: -1 ms, Max Speed: 0.00 M/s, Avg Speed: 0.00 M/s, Max Resolution: None
Category: ☘️浙江频道, Name: 上虞文化影院, Total: 6, Valid: 1, Valid Percent: 16.67%, Whitelist: 0, IPv4: 1, IPv6: 5, Min Delay: 2348 ms, Max Speed: 1.45 M/s, Avg Speed: 1.45 M/s, Max Resolution: 1920x1080
Category: ☘️北京频道, Name: 北京卡酷少儿, Total: 33, Valid: 0, Valid Percent: 0.00%, Whitelist: 0, IPv4: 0, IPv6: 33, Min Delay: -1 ms, Max Speed: 0.00 M/s, Avg Speed: 0.00 M/s, Max Resolution: None
Category: ☘️北京频道, Name: 北京新闻, Total: 27, Valid: 2, Valid Percent: 7.41%, Whitelist: 0, IPv4: 2, IPv6: 25, Min Delay: 25 ms, Max Speed: 4.24 M/s, Avg Speed: 2.13 M/s, Max Resolution: None
Category: ☘️北京频道, Name: 北京生活, Total: 24, Valid: 1, Valid Percent: 4.17%, Whitelist: 0, IPv4: 1, IPv6: 23, Min Delay: 1412 ms, Max Speed: 0.07 M/s, Avg Speed: 0.07 M/s, Max Resolution: None
Category: ☘️北京频道, Name: 北京科教, Total: 1, Valid: 1, Valid Percent: 100.00%, Whitelist: 0, IPv4: 1, IPv6: 0, Min Delay: 9 ms, Max Speed: 18.25 M/s, Avg Speed: 18.25 M/s, Max Resolution: 19x24
Category: ☘️北京频道, Name: 北京财经, Total: 23, Valid: 0, Valid Percent: 0.00%, Whitelist: 0, IPv4: 0, IPv6: 23, Min Delay: -1 ms, Max Speed: 0.00 M/s, Avg Speed: 0.00 M/s, Max Resolution: None
Category: ☘️北京频道, Name: 北京青年, Total: 1, Valid: 1, Valid Percent: 100.00%, Whitelist: 0, IPv4: 1, IPv6: 0, Min Delay: 8 ms, Max Speed: 17.86 M/s, Avg Speed: 17.86 M/s, Max Resolution: 19x24
Category: ☘️上海频道, Name: 上海新闻综合, Total: 31, Valid: 0, Valid Percent: 0.00%, Whitelist: 0, IPv4: 0, IPv6: 31, Min Delay: -1 ms, Max Speed: 0.00 M/s, Avg Speed: 0.00 M/s, Max Resolution: None
Category: ☘️上海频道, Name: 上海第一财经, Total: 26, Valid: 1, Valid Percent: 3.85%, Whitelist: 0, IPv4: 1, IPv6: 25, Min Delay: 26 ms, Max Speed: 4.02 M/s, Avg Speed: 4.02 M/s, Max Resolution: None
Category: ☘️上海频道, Name: 上海纪实, Total: 5, Valid: 0, Valid Percent: 0.00%, Whitelist: 0, IPv4: 0, IPv6: 5, Min Delay: -1 ms, Max Speed: 0.00 M/s, Avg Speed: 0.00 M/s, Max Resolution: None
Category: ☘️上海频道, Name: 上海都市, Total: 32, Valid: 0, Valid Percent: 0.00%, Whitelist: 0, IPv4: 0, IPv6: 32, Min Delay: -1 ms, Max Speed: 0.00 M/s, Avg Speed: 0.00 M/s, Max Resolution: None
Category: ☘️上海频道, Name: 东方影视, Total: 9, Valid: 0, Valid Percent: 0.00%, Whitelist: 0, IPv4: 0, IPv6: 9, Min Delay: -1 ms, Max Speed: 0.00 M/s, Avg Speed: 0.00 M/s, Max Resolution: None
Category: ☘️上海频道, Name: 东方财经, Total: 1, Valid: 0, Valid Percent: 0.00%, Whitelist: 0, IPv4: 0, IPv6: 1, Min Delay: -1 ms, Max Speed: 0.00 M/s, Avg Speed: 0.00 M/s, Max Resolution: None
Category: ☘️上海频道, Name: 全纪实, Total: 2, Valid: 1, Valid Percent: 50.00%, Whitelist: 0, IPv4: 2, IPv6: 0, Min Delay: 496 ms, Max Speed: 0.06 M/s, Avg Speed: 0.06 M/s, Max Resolution: None
Category: ☘️上海频道, Name: 动漫秀场, Total: 11, Valid: 0, Valid Percent: 0.00%, Whitelist: 0, IPv4: 0, IPv6: 11, Min Delay: -1 ms, Max Speed: 0.00 M/s, Avg Speed: 0.00 M/s, Max Resolution: None
Category: ☘️上海频道, Name: 哈哈炫动, Total: 32, Valid: 0, Valid Percent: 0.00%, Whitelist: 0, IPv4: 0, IPv6: 32, Min Delay: -1 ms, Max Speed: 0.00 M/s, Avg Speed: 0.00 M/s, Max Resolution: None
Category: ☘️上海频道, Name: 新闻综合, Total: 12, Valid: 1, Valid Percent: 8.33%, Whitelist: 0, IPv4: 1, IPv6: 11, Min Delay: 2333 ms, Max Speed: 0.62 M/s, Avg Speed: 0.62 M/s, Max Resolution: 1920x1080
Category: ☘️上海频道, Name: 欢笑剧场, Total: 13, Valid: 0, Valid Percent: 0.00%, Whitelist: 0, IPv4: 0, IPv6: 13, Min Delay: -1 ms, Max Speed: 0.00 M/s, Avg Speed: 0.00 M/s, Max Resolution: None
Category: ☘️上海频道, Name: 法治天地, Total: 10, Valid: 1, Valid Percent: 10.00%, Whitelist: 0, IPv4: 1, IPv6: 9, Min Delay: 579 ms, Max Speed: 0.23 M/s, Avg Speed: 0.23 M/s, Max Resolution: 1920x1080
Category: ☘️上海频道, Name: 生活时尚, Total: 11, Valid: 0, Valid Percent: 0.00%, Whitelist: 0, IPv4: 0, IPv6: 11, Min Delay: -1 ms, Max Speed: 0.00 M/s, Avg Speed: 0.00 M/s, Max Resolution: None
Category: ☘️上海频道, Name: 第一财经, Total: 12, Valid: 1, Valid Percent: 8.33%, Whitelist: 0, IPv4: 1, IPv6: 11, Min Delay: 18 ms, Max Speed: 5.35 M/s, Avg Speed: 5.35 M/s, Max Resolution: None
Category: ☘️上海频道, Name: 纪实人文, Total: 2, Valid: 0, Valid Percent: 0.00%, Whitelist: 0, IPv4: 0, IPv6: 2, Min Delay: -1 ms, Max Speed: 0.00 M/s, Avg Speed: 0.00 M/s, Max Resolution: None
Category: ☘️上海频道, Name: 都市剧场, Total: 13, Valid: 2, Valid Percent: 15.38%, Whitelist: 0, IPv4: 2, IPv6: 11, Min Delay: 25 ms, Max Speed: 4.50 M/s, Avg Speed: 2.27 M/s, Max Resolution: 1920x1080
Category: ☘️重庆频道, Name: 铜梁综合, Total: 2, Valid: 2, Valid Percent: 100.00%, Whitelist: 0, IPv4: 2, IPv6: 0, Min Delay: 2967 ms, Max Speed: 0.15 M/s, Avg Speed: 0.15 M/s, Max Resolution: 720x576
Category: ☘️重庆频道, Name: 重庆汽摩, Total: 7, Valid: 6, Valid Percent: 85.71%, Whitelist: 0, IPv4: 7, IPv6: 0, Min Delay: 1365 ms, Max Speed: 0.13 M/s, Avg Speed: 0.09 M/s, Max Resolution: 1920x1080
Category: ☘️重庆频道, Name: 江津新闻综合, Total: 1, Valid: 1, Valid Percent: 100.00%, Whitelist: 0, IPv4: 1, IPv6: 0, Min Delay: 10045 ms, Max Speed: 0.13 M/s, Avg Speed: 0.13 M/s, Max Resolution: 1920x1080
Category: ☘️重庆频道, Name: 垫江综合, Total: 1, Valid: 1, Valid Percent: 100.00%, Whitelist: 0, IPv4: 1, IPv6: 0, Min Delay: 1461 ms, Max Speed: 0.06 M/s, Avg Speed: 0.06 M/s, Max Resolution: 720x576
Category: ☘️重庆频道, Name: 万州三峡移民, Total: 1, Valid: 1, Valid Percent: 100.00%, Whitelist: 0, IPv4: 1, IPv6: 0, Min Delay: 1369 ms, Max Speed: 0.06 M/s, Avg Speed: 0.06 M/s, Max Resolution: 720x576
Category: ☘️重庆频道, Name: 重庆新闻, Total: 1, Valid: 1, Valid Percent: 100.00%, Whitelist: 0, IPv4: 1, IPv6: 0, Min Delay: 470 ms, Max Speed: 6.44 M/s, Avg Speed: 6.44 M/s, Max Resolution: 1280x720
Category: ☘️重庆频道, Name: 重庆时尚购物, Total: 1, Valid: 0, Valid Percent: 0.00%, Whitelist: 0, IPv4: 1, IPv6: 0, Min Delay: 485 ms, Max Speed: 0.00 M/s, Avg Speed: 0.00 M/s, Max Resolution: None
Category: ☘️江苏频道, Name: 东海新闻, Total: 1, Valid: 0, Valid Percent: 0.00%, Whitelist: 0, IPv4: 0, IPv6: 1, Min Delay: -1 ms, Max Speed: 0.00 M/s, Avg Speed: 0.00 M/s, Max Resolution: None
Category: ☘️江苏频道, Name: 优漫卡通, Total: 3, Valid: 0, Valid Percent: 0.00%, Whitelist: 0, IPv4: 0, IPv6: 3, Min Delay: -1 ms, Max Speed: 0.00 M/s, Avg Speed: 0.00 M/s, Max Resolution: None
Category: ☘️江苏频道, Name: 六合新闻综合, Total: 1, Valid: 1, Valid Percent: 100.00%, Whitelist: 0, IPv4: 1, IPv6: 0, Min Delay: 1235 ms, Max Speed: 0.58 M/s, Avg Speed: 0.58 M/s, Max Resolution: 1280x720
Category: ☘️江苏频道, Name: 南京十八, Total: 4, Valid: 0, Valid Percent: 0.00%, Whitelist: 0, IPv4: 0, IPv6: 4, Min Delay: -1 ms, Max Speed: 0.00 M/s, Avg Speed: 0.00 M/s, Max Resolution: None
Category: ☘️江苏频道, Name: 南京少儿, Total: 1, Valid: 0, Valid Percent: 0.00%, Whitelist: 0, IPv4: 0, IPv6: 1, Min Delay: -1 ms, Max Speed: 0.00 M/s, Avg Speed: 0.00 M/s, Max Resolution: None
Category: ☘️江苏频道, Name: 南京教科, Total: 5, Valid: 0, Valid Percent: 0.00%, Whitelist: 0, IPv4: 0, IPv6: 5, Min Delay: -1 ms, Max Speed: 0.00 M/s, Avg Speed: 0.00 M/s, Max Resolution: None
Category: ☘️江苏频道, Name: 南京新闻综合, Total: 5, Valid: 0, Valid Percent: 0.00%, Whitelist: 0, IPv4: 0, IPv6: 5, Min Delay: -1 ms, Max Speed: 0.00 M/s, Avg Speed: 0.00 M/s, Max Resolution: None
Category: ☘️江苏频道, Name: 南通新闻综合, Total: 6, Valid: 0, Valid Percent: 0.00%, Whitelist: 0, IPv4: 0, IPv6: 6, Min Delay: -1 ms, Max Speed: 0.00 M/s, Avg Speed: 0.00 M/s, Max Resolution: None
Category: ☘️江苏频道, Name: 句容党建, Total: 4, Valid: 4, Valid Percent: 100.00%, Whitelist: 0, IPv4: 4, IPv6: 0, Min Delay: 99 ms, Max Speed: 39.45 M/s, Avg Speed: 10.04 M/s, Max Resolution: 1280x720
Category: ☘️江苏频道, Name: 句容影院, Total: 1, Valid: 1, Valid Percent: 100.00%, Whitelist: 0, IPv4: 1, IPv6: 0, Min Delay: 1515 ms, Max Speed: 0.22 M/s, Avg Speed: 0.22 M/s, Max Resolution: 720x576
Category: ☘️江苏频道, Name: 句容新闻综合, Total: 2, Valid: 2, Valid Percent: 100.00%, Whitelist: 0, IPv4: 2, IPv6: 0, Min Delay: 2137 ms, Max Speed: 1.14 M/s, Avg Speed: 1.00 M/s, Max Resolution: 720x576
Category: ☘️江苏频道, Name: 句容生活, Total: 3, Valid: 3, Valid Percent: 100.00%, Whitelist: 0, IPv4: 3, IPv6: 0, Min Delay: 115 ms, Max Speed: 54.86 M/s, Avg Speed: 18.61 M/s, Max Resolution: 1280x720
Category: ☘️江苏频道, Name: 宜兴新闻, Total: 3, Valid: 0, Valid Percent: 0.00%, Whitelist: 0, IPv4: 0, IPv6: 3, Min Delay: -1 ms, Max Speed: 0.00 M/s, Avg Speed: 0.00 M/s, Max Resolution: None
Category: ☘️江苏频道, Name: 宜兴紫砂, Total: 1, Valid: 0, Valid Percent: 0.00%, Whitelist: 0, IPv4: 1, IPv6: 0, Min Delay: 843 ms, Max Speed: 0.00 M/s, Avg Speed: 0.00 M/s, Max Resolution: None
Category: ☘️江苏频道, Name: 宿迁公共, Total: 1, Valid: 0, Valid Percent: 0.00%, Whitelist: 0, IPv4: 0, IPv6: 1, Min Delay: -1 ms, Max Speed: 0.00 M/s, Avg Speed: 0.00 M/s, Max Resolution: None
Category: ☘️江苏频道, Name: 常州公共, Total: 1, Valid: 0, Valid Percent: 0.00%, Whitelist: 0, IPv4: 0, IPv6: 1, Min Delay: -1 ms, Max Speed: 0.00 M/s, Avg Speed: 0.00 M/s, Max Resolution: None
Category: ☘️江苏频道, Name: 常州生活, Total: 1, Valid: 0, Valid Percent: 0.00%, Whitelist: 0, IPv4: 0, IPv6: 1, Min Delay: -1 ms, Max Speed: 0.00 M/s, Avg Speed: 0.00 M/s, Max Resolution: None
Category: ☘️江苏频道, Name: 常州都市, Total: 1, Valid: 0, Valid Percent: 0.00%, Whitelist: 0, IPv4: 0, IPv6: 1, Min Delay: -1 ms, Max Speed: 0.00 M/s, Avg Speed: 0.00 M/s, Max Resolution: None
Category: ☘️江苏频道, Name: 常熟民生, Total: 1, Valid: 0, Valid Percent: 0.00%, Whitelist: 0, IPv4: 1, IPv6: 0, Min Delay: 2505 ms, Max Speed: 0.00 M/s, Avg Speed: 0.00 M/s, Max Resolution: None
Category: ☘️江苏频道, Name: 徐州公共, Total: 1, Valid: 0, Valid Percent: 0.00%, Whitelist: 0, IPv4: 0, IPv6: 1, Min Delay: -1 ms, Max Speed: 0.00 M/s, Avg Speed: 0.00 M/s, Max Resolution: None
Category: ☘️江苏频道, Name: 新沂新闻, Total: 1, Valid: 0, Valid Percent: 0.00%, Whitelist: 0, IPv4: 0, IPv6: 1, Min Delay: -1 ms, Max Speed: 0.00 M/s, Avg Speed: 0.00 M/s, Max Resolution: None
Category: ☘️江苏频道, Name: 新沂生活, Total: 1, Valid: 0, Valid Percent: 0.00%, Whitelist: 0, IPv4: 0, IPv6: 1, Min Delay: -1 ms, Max Speed: 0.00 M/s, Avg Speed: 0.00 M/s, Max Resolution: None
Category: ☘️江苏频道, Name: 无锡经济, Total: 1, Valid: 0, Valid Percent: 0.00%, Whitelist: 0, IPv4: 0, IPv6: 1, Min Delay: -1 ms, Max Speed: 0.00 M/s, Avg Speed: 0.00 M/s, Max Resolution: None
Category: ☘️江苏频道, Name: 武进新闻, Total: 3, Valid: 3, Valid Percent: 100.00%, Whitelist: 0, IPv4: 3, IPv6: 0, Min Delay: 10137 ms, Max Speed: 0.13 M/s, Avg Speed: 0.11 M/s, Max Resolution: 720x576
Category: ☘️江苏频道, Name: 武进生活, Total: 4, Valid: 4, Valid Percent: 100.00%, Whitelist: 0, IPv4: 4, IPv6: 0, Min Delay: 131 ms, Max Speed: 63.41 M/s, Avg Speed: 15.95 M/s, Max Resolution: 720x576
Category: ☘️江苏频道, Name: 江宁新闻, Total: 1, Valid: 0, Valid Percent: 0.00%, Whitelist: 0, IPv4: 0, IPv6: 1, Min Delay: -1 ms, Max Speed: 0.00 M/s, Avg Speed: 0.00 M/s, Max Resolution: None
Category: ☘️江苏频道, Name: 江苏体育, Total: 10, Valid: 0, Valid Percent: 0.00%, Whitelist: 0, IPv4: 0, IPv6: 10, Min Delay: -1 ms, Max Speed: 0.00 M/s, Avg Speed: 0.00 M/s, Max Resolution: None
Category: ☘️江苏频道, Name: 江苏公共, Total: 1, Valid: 0, Valid Percent: 0.00%, Whitelist: 0, IPv4: 0, IPv6: 1, Min Delay: -1 ms, Max Speed: 0.00 M/s, Avg Speed: 0.00 M/s, Max Resolution: None
Category: ☘️江苏频道, Name: 江苏城市, Total: 11, Valid: 0, Valid Percent: 0.00%, Whitelist: 0, IPv4: 0, IPv6: 11, Min Delay: -1 ms, Max Speed: 0.00 M/s, Avg Speed: 0.00 M/s, Max Resolution: None
Category: ☘️江苏频道, Name: 江苏影视, Total: 11, Valid: 0, Valid Percent: 0.00%, Whitelist: 0, IPv4: 0, IPv6: 11, Min Delay: -1 ms, Max Speed: 0.00 M/s, Avg Speed: 0.00 M/s, Max Resolution: None
Category: ☘️江苏频道, Name: 江苏教育, Total: 12, Valid: 0, Valid Percent: 0.00%, Whitelist: 0, IPv4: 0, IPv6: 12, Min Delay: -1 ms, Max Speed: 0.00 M/s, Avg Speed: 0.00 M/s, Max Resolution: None
Category: ☘️江苏频道, Name: 沭阳综合, Total: 1, Valid: 0, Valid Percent: 0.00%, Whitelist: 0, IPv4: 0, IPv6: 1, Min Delay: -1 ms, Max Speed: 0.00 M/s, Avg Speed: 0.00 M/s, Max Resolution: None
Category: ☘️江苏频道, Name: 泗洪新闻综合, Total: 1, Valid: 0, Valid Percent: 0.00%, Whitelist: 0, IPv4: 0, IPv6: 1, Min Delay: -1 ms, Max Speed: 0.00 M/s, Avg Speed: 0.00 M/s, Max Resolution: None
Category: ☘️江苏频道, Name: 泗阳综合, Total: 1, Valid: 1, Valid Percent: 100.00%, Whitelist: 0, IPv4: 1, IPv6: 0, Min Delay: 2410 ms, Max Speed: 0.49 M/s, Avg Speed: 0.49 M/s, Max Resolution: 1920x1080
Category: ☘️江苏频道, Name: 泗阳资讯, Total: 1, Valid: 1, Valid Percent: 100.00%, Whitelist: 0, IPv4: 1, IPv6: 0, Min Delay: 84 ms, Max Speed: 56.33 M/s, Avg Speed: 56.33 M/s, Max Resolution: 1200x720
Category: ☘️江苏频道, Name: 泰州一套新闻综合, Total: 1, Valid: 0, Valid Percent: 0.00%, Whitelist: 0, IPv4: 0, IPv6: 1, Min Delay: -1 ms, Max Speed: 0.00 M/s, Avg Speed: 0.00 M/s, Max Resolution: None
Category: ☘️江苏频道, Name: 涟水电视台综合, Total: 6, Valid: 0, Valid Percent: 0.00%, Whitelist: 0, IPv4: 0, IPv6: 6, Min Delay: -1 ms, Max Speed: 0.00 M/s, Avg Speed: 0.00 M/s, Max Resolution: None
Category: ☘️江苏频道, Name: 淮安影院娱乐, Total: 2, Valid: 0, Valid Percent: 0.00%, Whitelist: 0, IPv4: 0, IPv6: 2, Min Delay: -1 ms, Max Speed: 0.00 M/s, Avg Speed: 0.00 M/s, Max Resolution: None
Category: ☘️江苏频道, Name: 淮安新闻综合, Total: 5, Valid: 0, Valid Percent: 0.00%, Whitelist: 0, IPv4: 0, IPv6: 5, Min Delay: -1 ms, Max Speed: 0.00 M/s, Avg Speed: 0.00 M/s, Max Resolution: None
Category: ☘️江苏频道, Name: 淮阴综合, Total: 1, Valid: 0, Valid Percent: 0.00%, Whitelist: 0, IPv4: 0, IPv6: 1, Min Delay: -1 ms, Max Speed: 0.00 M/s, Avg Speed: 0.00 M/s, Max Resolution: None
Category: ☘️江苏频道, Name: 溧水新闻综合, Total: 6, Valid: 0, Valid Percent: 0.00%, Whitelist: 0, IPv4: 0, IPv6: 6, Min Delay: -1 ms, Max Speed: 0.00 M/s, Avg Speed: 0.00 M/s, Max Resolution: None
Category: ☘️江苏频道, Name: 滨海新闻综合, Total: 1, Valid: 1, Valid Percent: 100.00%, Whitelist: 0, IPv4: 1, IPv6: 0, Min Delay: 1333 ms, Max Speed: 1.37 M/s, Avg Speed: 1.37 M/s, Max Resolution: 1920x1080
Category: ☘️江苏频道, Name: 睢宁三农, Total: 1, Valid: 0, Valid Percent: 0.00%, Whitelist: 0, IPv4: 0, IPv6: 1, Min Delay: -1 ms, Max Speed: 0.00 M/s, Avg Speed: 0.00 M/s, Max Resolution: None
Category: ☘️江苏频道, Name: 睢宁综合, Total: 1, Valid: 0, Valid Percent: 0.00%, Whitelist: 0, IPv4: 0, IPv6: 1, Min Delay: -1 ms, Max Speed: 0.00 M/s, Avg Speed: 0.00 M/s, Max Resolution: None
Category: ☘️江苏频道, Name: 睢宁资讯, Total: 1, Valid: 0, Valid Percent: 0.00%, Whitelist: 0, IPv4: 0, IPv6: 1, Min Delay: -1 ms, Max Speed: 0.00 M/s, Avg Speed: 0.00 M/s, Max Resolution: None
Category: ☘️江苏频道, Name: 苏州文化生活, Total: 2, Valid: 0, Valid Percent: 0.00%, Whitelist: 0, IPv4: 0, IPv6: 2, Min Delay: -1 ms, Max Speed: 0.00 M/s, Avg Speed: 0.00 M/s, Max Resolution: None
Category: ☘️江苏频道, Name: 苏州新闻综合, Total: 2, Valid: 1, Valid Percent: 50.00%, Whitelist: 0, IPv4: 1, IPv6: 1, Min Delay: 574 ms, Max Speed: 1.10 M/s, Avg Speed: 1.10 M/s, Max Resolution: 1920x1080
Category: ☘️江苏频道, Name: 苏州生活资讯, Total: 2, Valid: 0, Valid Percent: 0.00%, Whitelist: 0, IPv4: 0, IPv6: 2, Min Delay: -1 ms, Max Speed: 0.00 M/s, Avg Speed: 0.00 M/s, Max Resolution: None
Category: ☘️江苏频道, Name: 苏州社会经济, Total: 2, Valid: 0, Valid Percent: 0.00%, Whitelist: 0, IPv4: 0, IPv6: 2, Min Delay: -1 ms, Max Speed: 0.00 M/s, Avg Speed: 0.00 M/s, Max Resolution: None
Category: ☘️江苏频道, Name: 连云港公共, Total: 1, Valid: 0, Valid Percent: 0.00%, Whitelist: 0, IPv4: 0, IPv6: 1, Min Delay: -1 ms, Max Speed: 0.00 M/s, Avg Speed: 0.00 M/s, Max Resolution: None
Category: ☘️江苏频道, Name: 连云港新闻综合, Total: 11, Valid: 0, Valid Percent: 0.00%, Whitelist: 0, IPv4: 0, IPv6: 11, Min Delay: -1 ms, Max Speed: 0.00 M/s, Avg Speed: 0.00 M/s, Max Resolution: None
Category: ☘️江苏频道, Name: 镇江二套社会民生, Total: 1, Valid: 1, Valid Percent: 100.00%, Whitelist: 0, IPv4: 1, IPv6: 0, Min Delay: 179 ms, Max Speed: 8.75 M/s, Avg Speed: 8.75 M/s, Max Resolution: 1920x1080
Category: ☘️江苏频道, Name: 镇江新闻综合, Total: 11, Valid: 4, Valid Percent: 36.36%, Whitelist: 0, IPv4: 4, IPv6: 7, Min Delay: 60 ms, Max Speed: 18.76 M/s, Avg Speed: 10.72 M/s, Max Resolution: 1920x1080
Category: ☘️江苏频道, Name: 靖江新闻综合, Total: 3, Valid: 0, Valid Percent: 0.00%, Whitelist: 0, IPv4: 0, IPv6: 3, Min Delay: -1 ms, Max Speed: 0.00 M/s, Avg Speed: 0.00 M/s, Max Resolution: None
Category: ☘️辽宁频道, Name: 朝阳新闻综合, Total: 1, Valid: 0, Valid Percent: 0.00%, Whitelist: 0, IPv4: 1, IPv6: 0, Min Delay: 10930 ms, Max Speed: 0.00 M/s, Avg Speed: 0.00 M/s, Max Resolution: 1280x720
Category: ☘️辽宁频道, Name: 辽宁北方, Total: 1, Valid: 0, Valid Percent: 0.00%, Whitelist: 0, IPv4: 0, IPv6: 1, Min Delay: -1 ms, Max Speed: 0.00 M/s, Avg Speed: 0.00 M/s, Max Resolution: None
Category: ☘️辽宁频道, Name: 辽宁影视剧, Total: 3, Valid: 0, Valid Percent: 0.00%, Whitelist: 0, IPv4: 0, IPv6: 3, Min Delay: -1 ms, Max Speed: 0.00 M/s, Avg Speed: 0.00 M/s, Max Resolution: None
Category: ☘️辽宁频道, Name: 辽宁教育青少, Total: 1, Valid: 0, Valid Percent: 0.00%, Whitelist: 0, IPv4: 0, IPv6: 1, Min Delay: -1 ms, Max Speed: 0.00 M/s, Avg Speed: 0.00 M/s, Max Resolution: None
Category: ☘️辽宁频道, Name: 辽宁生活, Total: 1, Valid: 0, Valid Percent: 0.00%, Whitelist: 0, IPv4: 0, IPv6: 1, Min Delay: -1 ms, Max Speed: 0.00 M/s, Avg Speed: 0.00 M/s, Max Resolution: None
Category: ☘️辽宁频道, Name: 辽宁经济, Total: 1, Valid: 0, Valid Percent: 0.00%, Whitelist: 0, IPv4: 0, IPv6: 1, Min Delay: -1 ms, Max Speed: 0.00 M/s, Avg Speed: 0.00 M/s, Max Resolution: None
Category: ☘️辽宁频道, Name: 辽宁都市, Total: 2, Valid: 0, Valid Percent: 0.00%, Whitelist: 0, IPv4: 0, IPv6: 2, Min Delay: -1 ms, Max Speed: 0.00 M/s, Avg Speed: 0.00 M/s, Max Resolution: None
Category: ☘️湖南频道, Name: 湖南都市, Total: 7, Valid: 0, Valid Percent: 0.00%, Whitelist: 0, IPv4: 0, IPv6: 7, Min Delay: -1 ms, Max Speed: 0.00 M/s, Avg Speed: 0.00 M/s, Max Resolution: None
Category: ☘️湖南频道, Name: 湖南经视, Total: 8, Valid: 0, Valid Percent: 0.00%, Whitelist: 0, IPv4: 0, IPv6: 8, Min Delay: -1 ms, Max Speed: 0.00 M/s, Avg Speed: 0.00 M/s, Max Resolution: None
Category: ☘️湖南频道, Name: 湖南电视剧, Total: 9, Valid: 0, Valid Percent: 0.00%, Whitelist: 0, IPv4: 0, IPv6: 9, Min Delay: -1 ms, Max Speed: 0.00 M/s, Avg Speed: 0.00 M/s, Max Resolution: None
Category: ☘️湖南频道, Name: 湖南电影, Total: 2, Valid: 0, Valid Percent: 0.00%, Whitelist: 0, IPv4: 0, IPv6: 2, Min Delay: -1 ms, Max Speed: 0.00 M/s, Avg Speed: 0.00 M/s, Max Resolution: None
Category: ☘️湖南频道, Name: 湖南爱晚, Total: 1, Valid: 0, Valid Percent: 0.00%, Whitelist: 0, IPv4: 0, IPv6: 1, Min Delay: -1 ms, Max Speed: 0.00 M/s, Avg Speed: 0.00 M/s, Max Resolution: None
Category: ☘️湖南频道, Name: 湖南教育, Total: 1, Valid: 0, Valid Percent: 0.00%, Whitelist: 0, IPv4: 0, IPv6: 1, Min Delay: -1 ms, Max Speed: 0.00 M/s, Avg Speed: 0.00 M/s, Max Resolution: None
Category: ☘️湖南频道, Name: 湖南娱乐, Total: 2, Valid: 0, Valid Percent: 0.00%, Whitelist: 0, IPv4: 0, IPv6: 2, Min Delay: -1 ms, Max Speed: 0.00 M/s, Avg Speed: 0.00 M/s, Max Resolution: None
Category: ☘️湖南频道, Name: 湖南国际, Total: 2, Valid: 0, Valid Percent: 0.00%, Whitelist: 0, IPv4: 0, IPv6: 2, Min Delay: -1 ms, Max Speed: 0.00 M/s, Avg Speed: 0.00 M/s, Max Resolution: None
Category: ☘️湖南频道, Name: 湖南公共, Total: 4, Valid: 0, Valid Percent: 0.00%, Whitelist: 0, IPv4: 0, IPv6: 4, Min Delay: -1 ms, Max Speed: 0.00 M/s, Avg Speed: 0.00 M/s, Max Resolution: None
Category: ☘️湖南频道, Name: 金鹰纪实, Total: 10, Valid: 0, Valid Percent: 0.00%, Whitelist: 0, IPv4: 0, IPv6: 10, Min Delay: -1 ms, Max Speed: 0.00 M/s, Avg Speed: 0.00 M/s, Max Resolution: None
Category: ☘️湖南频道, Name: 长沙新闻综合, Total: 1, Valid: 0, Valid Percent: 0.00%, Whitelist: 0, IPv4: 0, IPv6: 1, Min Delay: -1 ms, Max Speed: 0.00 M/s, Avg Speed: 0.00 M/s, Max Resolution: None
Category: ☘️湖南频道, Name: 长沙新闻, Total: 1, Valid: 0, Valid Percent: 0.00%, Whitelist: 0, IPv4: 0, IPv6: 1, Min Delay: -1 ms, Max Speed: 0.00 M/s, Avg Speed: 0.00 M/s, Max Resolution: None
Category: ☘️湖南频道, Name: 衡阳新闻综合, Total: 1, Valid: 1, Valid Percent: 100.00%, Whitelist: 0, IPv4: 1, IPv6: 0, Min Delay: 10029 ms, Max Speed: 0.01 M/s, Avg Speed: 0.01 M/s, Max Resolution: 800x480
Category: ☘️湖南频道, Name: 娄底综合, Total: 1, Valid: 0, Valid Percent: 0.00%, Whitelist: 0, IPv4: 0, IPv6: 1, Min Delay: -1 ms, Max Speed: 0.00 M/s, Avg Speed: 0.00 M/s, Max Resolution: None
Category: ☘️湖北频道, Name: 湖北综合, Total: 3, Valid: 0, Valid Percent: 0.00%, Whitelist: 0, IPv4: 0, IPv6: 3, Min Delay: -1 ms, Max Speed: 0.00 M/s, Avg Speed: 0.00 M/s, Max Resolution: None
Category: ☘️湖北频道, Name: 湖北经视, Total: 3, Valid: 0, Valid Percent: 0.00%, Whitelist: 0, IPv4: 0, IPv6: 3, Min Delay: -1 ms, Max Speed: 0.00 M/s, Avg Speed: 0.00 M/s, Max Resolution: None
Category: ☘️湖北频道, Name: 湖北生活, Total: 5, Valid: 0, Valid Percent: 0.00%, Whitelist: 0, IPv4: 0, IPv6: 5, Min Delay: -1 ms, Max Speed: 0.00 M/s, Avg Speed: 0.00 M/s, Max Resolution: None
Category: ☘️湖北频道, Name: 湖北教育, Total: 4, Valid: 0, Valid Percent: 0.00%, Whitelist: 0, IPv4: 0, IPv6: 4, Min Delay: -1 ms, Max Speed: 0.00 M/s, Avg Speed: 0.00 M/s, Max Resolution: None
Category: ☘️湖北频道, Name: 湖北影视, Total: 3, Valid: 0, Valid Percent: 0.00%, Whitelist: 0, IPv4: 0, IPv6: 3, Min Delay: -1 ms, Max Speed: 0.00 M/s, Avg Speed: 0.00 M/s, Max Resolution: None
Category: ☘️湖北频道, Name: 湖北公共, Total: 1, Valid: 0, Valid Percent: 0.00%, Whitelist: 0, IPv4: 0, IPv6: 1, Min Delay: -1 ms, Max Speed: 0.00 M/s, Avg Speed: 0.00 M/s, Max Resolution: None
Category: ☘️湖北频道, Name: 湖北垄上, Total: 3, Valid: 0, Valid Percent: 0.00%, Whitelist: 0, IPv4: 0, IPv6: 3, Min Delay: -1 ms, Max Speed: 0.00 M/s, Avg Speed: 0.00 M/s, Max Resolution: None
Category: ☘️湖北频道, Name: 武汉一台新闻综合, Total: 3, Valid: 0, Valid Percent: 0.00%, Whitelist: 0, IPv4: 0, IPv6: 3, Min Delay: -1 ms, Max Speed: 0.00 M/s, Avg Speed: 0.00 M/s, Max Resolution: None
Category: ☘️湖北频道, Name: 武汉二台电视剧, Total: 1, Valid: 0, Valid Percent: 0.00%, Whitelist: 0, IPv4: 0, IPv6: 1, Min Delay: -1 ms, Max Speed: 0.00 M/s, Avg Speed: 0.00 M/s, Max Resolution: None
Category: ☘️湖北频道, Name: 武汉四台经济, Total: 1, Valid: 0, Valid Percent: 0.00%, Whitelist: 0, IPv4: 0, IPv6: 1, Min Delay: -1 ms, Max Speed: 0.00 M/s, Avg Speed: 0.00 M/s, Max Resolution: None
Category: ☘️湖北频道, Name: 武汉教育, Total: 7, Valid: 0, Valid Percent: 0.00%, Whitelist: 0, IPv4: 0, IPv6: 7, Min Delay: -1 ms, Max Speed: 0.00 M/s, Avg Speed: 0.00 M/s, Max Resolution: None
Category: ☘️湖北频道, Name: 武汉文体, Total: 2, Valid: 2, Valid Percent: 100.00%, Whitelist: 0, IPv4: 2, IPv6: 0, Min Delay: 529 ms, Max Speed: 0.77 M/s, Avg Speed: 0.45 M/s, Max Resolution: 1920x1080
Category: ☘️湖北频道, Name: 江夏新闻综合, Total: 1, Valid: 1, Valid Percent: 100.00%, Whitelist: 0, IPv4: 1, IPv6: 0, Min Delay: 2575 ms, Max Speed: 0.25 M/s, Avg Speed: 0.25 M/s, Max Resolution: 720x576
Category: ☘️湖北频道, Name: 十堰新闻, Total: 4, Valid: 0, Valid Percent: 0.00%, Whitelist: 0, IPv4: 0, IPv6: 4, Min Delay: -1 ms, Max Speed: 0.00 M/s, Avg Speed: 0.00 M/s, Max Resolution: None
Category: ☘️湖北频道, Name: 荆门新闻综合, Total: 13, Valid: 0, Valid Percent: 0.00%, Whitelist: 0, IPv4: 0, IPv6: 13, Min Delay: -1 ms, Max Speed: 0.00 M/s, Avg Speed: 0.00 M/s, Max Resolution: None
Category: ☘️湖北频道, Name: 武汉新闻, Total: 1, Valid: 1, Valid Percent: 100.00%, Whitelist: 0, IPv4: 1, IPv6: 0, Min Delay: 2030 ms, Max Speed: 0.30 M/s, Avg Speed: 0.30 M/s, Max Resolution: 1280x720
Category: ☘️广西频道, Name: 南宁公共, Total: 5, Valid: 0, Valid Percent: 0.00%, Whitelist: 0, IPv4: 0, IPv6: 5, Min Delay: -1 ms, Max Speed: 0.00 M/s, Avg Speed: 0.00 M/s, Max Resolution: None
Category: ☘️广西频道, Name: 南宁新闻综合, Total: 4, Valid: 0, Valid Percent: 0.00%, Whitelist: 0, IPv4: 1, IPv6: 3, Min Delay: -1 ms, Max Speed: 0.00 M/s, Avg Speed: 0.00 M/s, Max Resolution: 1920x1080
Category: ☘️广西频道, Name: 南宁都市生活, Total: 6, Valid: 0, Valid Percent: 0.00%, Whitelist: 0, IPv4: 0, IPv6: 6, Min Delay: -1 ms, Max Speed: 0.00 M/s, Avg Speed: 0.00 M/s, Max Resolution: None
Category: ☘️广西频道, Name: 宾阳综合, Total: 1, Valid: 0, Valid Percent: 0.00%, Whitelist: 0, IPv4: 0, IPv6: 1, Min Delay: -1 ms, Max Speed: 0.00 M/s, Avg Speed: 0.00 M/s, Max Resolution: None
Category: ☘️广西频道, Name: 来宾综合, Total: 1, Valid: 1, Valid Percent: 100.00%, Whitelist: 0, IPv4: 1, IPv6: 0, Min Delay: 10672 ms, Max Speed: 0.28 M/s, Avg Speed: 0.28 M/s, Max Resolution: 1920x1080
Category: ☘️广西频道, Name: 灌阳新闻综合, Total: 1, Valid: 0, Valid Percent: 0.00%, Whitelist: 0, IPv4: 0, IPv6: 1, Min Delay: -1 ms, Max Speed: 0.00 M/s, Avg Speed: 0.00 M/s, Max Resolution: None
Category: ☘️广西频道, Name: 田东综合, Total: 1, Valid: 0, Valid Percent: 0.00%, Whitelist: 0, IPv4: 0, IPv6: 1, Min Delay: -1 ms, Max Speed: 0.00 M/s, Avg Speed: 0.00 M/s, Max Resolution: None
Category: ☘️广西频道, Name: 广西新闻, Total: 3, Valid: 0, Valid Percent: 0.00%, Whitelist: 0, IPv4: 0, IPv6: 3, Min Delay: -1 ms, Max Speed: 0.00 M/s, Avg Speed: 0.00 M/s, Max Resolution: None
Category: ☘️广西频道, Name: 广西国际, Total: 3, Valid: 0, Valid Percent: 0.00%, Whitelist: 0, IPv4: 0, IPv6: 3, Min Delay: -1 ms, Max Speed: 0.00 M/s, Avg Speed: 0.00 M/s, Max Resolution: None
Category: ☘️广西频道, Name: 南宁影视娱乐, Total: 5, Valid: 0, Valid Percent: 0.00%, Whitelist: 0, IPv4: 0, IPv6: 5, Min Delay: -1 ms, Max Speed: 0.00 M/s, Avg Speed: 0.00 M/s, Max Resolution: None
Category: ☘️天津频道, Name: 津南一套, Total: 1, Valid: 1, Valid Percent: 100.00%, Whitelist: 0, IPv4: 1, IPv6: 0, Min Delay: 79 ms, Max Speed: 3.03 M/s, Avg Speed: 3.03 M/s, Max Resolution: 720x576
Category: ☘️天津频道, Name: 武清综合, Total: 1, Valid: 1, Valid Percent: 100.00%, Whitelist: 0, IPv4: 1, IPv6: 0, Min Delay: 1570 ms, Max Speed: 0.42 M/s, Avg Speed: 0.42 M/s, Max Resolution: 720x576
Category: ☘️天津频道, Name: 天津卫视, Total: 17, Valid: 0, Valid Percent: 0.00%, Whitelist: 0, IPv4: 0, IPv6: 17, Min Delay: -1 ms, Max Speed: 0.00 M/s, Avg Speed: 0.00 M/s, Max Resolution: None
Category: ☘️四川频道, Name: 乐山新闻综合, Total: 2, Valid: 0, Valid Percent: 0.00%, Whitelist: 0, IPv4: 0, IPv6: 2, Min Delay: -1 ms, Max Speed: 0.00 M/s, Avg Speed: 0.00 M/s, Max Resolution: None
Category: ☘️四川频道, Name: 乐至综合, Total: 1, Valid: 1, Valid Percent: 100.00%, Whitelist: 0, IPv4: 1, IPv6: 0, Min Delay: 2840 ms, Max Speed: 0.79 M/s, Avg Speed: 0.79 M/s, Max Resolution: 1920x1080
Category: ☘️四川频道, Name: 井研综合, Total: 1, Valid: 1, Valid Percent: 100.00%, Whitelist: 0, IPv4: 1, IPv6: 0, Min Delay: 2382 ms, Max Speed: 0.11 M/s, Avg Speed: 0.11 M/s, Max Resolution: 1920x1080
Category: ☘️四川频道, Name: 什邡新闻, Total: 2, Valid: 2, Valid Percent: 100.00%, Whitelist: 0, IPv4: 2, IPv6: 0, Min Delay: 507 ms, Max Speed: 0.00 M/s, Avg Speed: 0.00 M/s, Max Resolution: 1920x1080
Category: ☘️四川频道, Name: 仁寿综合, Total: 1, Valid: 1, Valid Percent: 100.00%, Whitelist: 0, IPv4: 1, IPv6: 0, Min Delay: 1110 ms, Max Speed: 0.05 M/s, Avg Speed: 0.05 M/s, Max Resolution: None
Category: ☘️四川频道, Name: 剑阁综合, Total: 1, Valid: 1, Valid Percent: 100.00%, Whitelist: 0, IPv4: 1, IPv6: 0, Min Delay: 10894 ms, Max Speed: 0.03 M/s, Avg Speed: 0.03 M/s, Max Resolution: 960x528
Category: ☘️四川频道, Name: 叙州新闻综合, Total: 5, Valid: 0, Valid Percent: 0.00%, Whitelist: 0, IPv4: 0, IPv6: 5, Min Delay: -1 ms, Max Speed: 0.00 M/s, Avg Speed: 0.00 M/s, Max Resolution: None
Category: ☘️四川频道, Name: 叙永综合, Total: 1, Valid: 1, Valid Percent: 100.00%, Whitelist: 0, IPv4: 1, IPv6: 0, Min Delay: 2258 ms, Max Speed: 0.55 M/s, Avg Speed: 0.55 M/s, Max Resolution: 1920x1080
Category: ☘️四川频道, Name: 四川科教, Total: 3, Valid: 0, Valid Percent: 0.00%, Whitelist: 0, IPv4: 0, IPv6: 3, Min Delay: -1 ms, Max Speed: 0.00 M/s, Avg Speed: 0.00 M/s, Max Resolution: None
Category: ☘️四川频道, Name: 广元公共, Total: 1, Valid: 1, Valid Percent: 100.00%, Whitelist: 0, IPv4: 1, IPv6: 0, Min Delay: 10483 ms, Max Speed: 0.04 M/s, Avg Speed: 0.04 M/s, Max Resolution: 1280x720
Category: ☘️四川频道, Name: 广元综合, Total: 2, Valid: 0, Valid Percent: 0.00%, Whitelist: 0, IPv4: 0, IPv6: 2, Min Delay: -1 ms, Max Speed: 0.00 M/s, Avg Speed: 0.00 M/s, Max Resolution: None
Category: ☘️四川频道, Name: 广安公共, Total: 3, Valid: 0, Valid Percent: 0.00%, Whitelist: 0, IPv4: 0, IPv6: 3, Min Delay: -1 ms, Max Speed: 0.00 M/s, Avg Speed: 0.00 M/s, Max Resolution: None
Category: ☘️四川频道, Name: 康巴卫视, Total: 1, Valid: 0, Valid Percent: 0.00%, Whitelist: 0, IPv4: 0, IPv6: 1, Min Delay: -1 ms, Max Speed: 0.00 M/s, Avg Speed: 0.00 M/s, Max Resolution: None
Category: ☘️四川频道, Name: 德阳新闻综合, Total: 3, Valid: 0, Valid Percent: 0.00%, Whitelist: 0, IPv4: 0, IPv6: 3, Min Delay: -1 ms, Max Speed: 0.00 M/s, Avg Speed: 0.00 M/s, Max Resolution: None
Category: ☘️四川频道, Name: 旺苍新闻综合, Total: 2, Valid: 0, Valid Percent: 0.00%, Whitelist: 0, IPv4: 0, IPv6: 2, Min Delay: -1 ms, Max Speed: 0.00 M/s, Avg Speed: 0.00 M/s, Max Resolution: None
Category: ☘️四川频道, Name: 朝天综合, Total: 1, Valid: 1, Valid Percent: 100.00%, Whitelist: 0, IPv4: 1, IPv6: 0, Min Delay: 10008 ms, Max Speed: 0.03 M/s, Avg Speed: 0.03 M/s, Max Resolution: 960x528
Category: ☘️四川频道, Name: 松潘新闻综合, Total: 3, Valid: 0, Valid Percent: 0.00%, Whitelist: 0, IPv4: 0, IPv6: 3, Min Delay: -1 ms, Max Speed: 0.00 M/s, Avg Speed: 0.00 M/s, Max Resolution: None
Category: ☘️四川频道, Name: 汉源综合, Total: 2, Valid: 0, Valid Percent: 0.00%, Whitelist: 0, IPv4: 0, IPv6: 2, Min Delay: -1 ms, Max Speed: 0.00 M/s, Avg Speed: 0.00 M/s, Max Resolution: None
Category: ☘️四川频道, Name: 汶川新闻综合, Total: 4, Valid: 0, Valid Percent: 0.00%, Whitelist: 0, IPv4: 0, IPv6: 4, Min Delay: -1 ms, Max Speed: 0.00 M/s, Avg Speed: 0.00 M/s, Max Resolution: None
Category: ☘️四川频道, Name: 沐川综合, Total: 2, Valid: 0, Valid Percent: 0.00%, Whitelist: 0, IPv4: 1, IPv6: 1, Min Delay: -1 ms, Max Speed: 0.00 M/s, Avg Speed: 0.00 M/s, Max Resolution: 1920x1080
Category: ☘️四川频道, Name: 泸县新闻综合, Total: 4, Valid: 0, Valid Percent: 0.00%, Whitelist: 0, IPv4: 0, IPv6: 4, Min Delay: -1 ms, Max Speed: 0.00 M/s, Avg Speed: 0.00 M/s, Max Resolution: None
Category: ☘️四川频道, Name: 甘孜综合, Total: 1, Valid: 0, Valid Percent: 0.00%, Whitelist: 0, IPv4: 0, IPv6: 1, Min Delay: -1 ms, Max Speed: 0.00 M/s, Avg Speed: 0.00 M/s, Max Resolution: None
Category: ☘️四川频道, Name: 石棉综合, Total: 2, Valid: 0, Valid Percent: 0.00%, Whitelist: 0, IPv4: 1, IPv6: 1, Min Delay: -1 ms, Max Speed: 0.00 M/s, Avg Speed: 0.00 M/s, Max Resolution: 1920x1080
Category: ☘️四川频道, Name: 绵阳科技, Total: 1, Valid: 0, Valid Percent: 0.00%, Whitelist: 0, IPv4: 0, IPv6: 1, Min Delay: -1 ms, Max Speed: 0.00 M/s, Avg Speed: 0.00 M/s, Max Resolution: None
Category: ☘️四川频道, Name: 荥经综合, Total: 3, Valid: 1, Valid Percent: 33.33%, Whitelist: 0, IPv4: 1, IPv6: 2, Min Delay: 1615 ms, Max Speed: 0.17 M/s, Avg Speed: 0.17 M/s, Max Resolution: 1920x1080
Category: ☘️四川频道, Name: 营山电视台, Total: 1, Valid: 0, Valid Percent: 0.00%, Whitelist: 0, IPv4: 0, IPv6: 1, Min Delay: -1 ms, Max Speed: 0.00 M/s, Avg Speed: 0.00 M/s, Max Resolution: None
Category: ☘️四川频道, Name: 蓬安新闻综合, Total: 2, Valid: 0, Valid Percent: 0.00%, Whitelist: 0, IPv4: 0, IPv6: 2, Min Delay: -1 ms, Max Speed: 0.00 M/s, Avg Speed: 0.00 M/s, Max Resolution: None
Category: ☘️四川频道, Name: 金川乡村, Total: 2, Valid: 2, Valid Percent: 100.00%, Whitelist: 0, IPv4: 2, IPv6: 0, Min Delay: 611 ms, Max Speed: 0.37 M/s, Avg Speed: 0.19 M/s, Max Resolution: 1024x576
Category: ☘️四川频道, Name: 金川新闻综合, Total: 6, Valid: 0, Valid Percent: 0.00%, Whitelist: 0, IPv4: 2, IPv6: 4, Min Delay: -1 ms, Max Speed: 0.00 M/s, Avg Speed: 0.00 M/s, Max Resolution: 1920x1080
Category: ☘️四川频道, Name: 长宁综合, Total: 3, Valid: 2, Valid Percent: 66.67%, Whitelist: 0, IPv4: 3, IPv6: 0, Min Delay: 1817 ms, Max Speed: 0.51 M/s, Avg Speed: 0.49 M/s, Max Resolution: 1920x1080
Category: ☘️四川频道, Name: 雅安新闻综合, Total: 1, Valid: 1, Valid Percent: 100.00%, Whitelist: 0, IPv4: 1, IPv6: 0, Min Delay: 2016 ms, Max Speed: 0.49 M/s, Avg Speed: 0.49 M/s, Max Resolution: 1920x1080
Category: ☘️四川频道, Name: 青川综合, Total: 1, Valid: 1, Valid Percent: 100.00%, Whitelist: 0, IPv4: 1, IPv6: 0, Min Delay: 2924 ms, Max Speed: 0.80 M/s, Avg Speed: 0.80 M/s, Max Resolution: 1920x1080
Category: ☘️陕西频道, Name: 陕西新闻资讯, Total: 5, Valid: 0, Valid Percent: 0.00%, Whitelist: 0, IPv4: 0, IPv6: 5, Min Delay: -1 ms, Max Speed: 0.00 M/s, Avg Speed: 0.00 M/s, Max Resolution: None
Category: ☘️陕西频道, Name: 陕西都市青春, Total: 5, Valid: 0, Valid Percent: 0.00%, Whitelist: 0, IPv4: 0, IPv6: 5, Min Delay: -1 ms, Max Speed: 0.00 M/s, Avg Speed: 0.00 M/s, Max Resolution: None
Category: ☘️陕西频道, Name: 陕西公共, Total: 1, Valid: 0, Valid Percent: 0.00%, Whitelist: 0, IPv4: 0, IPv6: 1, Min Delay: -1 ms, Max Speed: 0.00 M/s, Avg Speed: 0.00 M/s, Max Resolution: None
Category: ☘️陕西频道, Name: 陕西体育休闲, Total: 5, Valid: 0, Valid Percent: 0.00%, Whitelist: 0, IPv4: 0, IPv6: 5, Min Delay: -1 ms, Max Speed: 0.00 M/s, Avg Speed: 0.00 M/s, Max Resolution: None
Category: ☘️福建频道, Name: 三明新闻综合, Total: 2, Valid: 0, Valid Percent: 0.00%, Whitelist: 0, IPv4: 0, IPv6: 2, Min Delay: -1 ms, Max Speed: 0.00 M/s, Avg Speed: 0.00 M/s, Max Resolution: None
Category: ☘️福建频道, Name: 云霄综合, Total: 4, Valid: 0, Valid Percent: 0.00%, Whitelist: 0, IPv4: 0, IPv6: 4, Min Delay: -1 ms, Max Speed: 0.00 M/s, Avg Speed: 0.00 M/s, Max Resolution: None
Category: ☘️福建频道, Name: 厦门卫视, Total: 1, Valid: 0, Valid Percent: 0.00%, Whitelist: 0, IPv4: 0, IPv6: 1, Min Delay: -1 ms, Max Speed: 0.00 M/s, Avg Speed: 0.00 M/s, Max Resolution: None
Category: ☘️福建频道, Name: 漳州新闻综合, Total: 3, Valid: 0, Valid Percent: 0.00%, Whitelist: 0, IPv4: 0, IPv6: 3, Min Delay: -1 ms, Max Speed: 0.00 M/s, Avg Speed: 0.00 M/s, Max Resolution: None
Category: ☘️福建频道, Name: 福州少儿, Total: 1, Valid: 0, Valid Percent: 0.00%, Whitelist: 0, IPv4: 0, IPv6: 1, Min Delay: -1 ms, Max Speed: 0.00 M/s, Avg Speed: 0.00 M/s, Max Resolution: None
Category: ☘️福建频道, Name: 福建新闻, Total: 7, Valid: 1, Valid Percent: 14.29%, Whitelist: 0, IPv4: 1, IPv6: 6, Min Delay: 18 ms, Max Speed: 5.43 M/s, Avg Speed: 5.43 M/s, Max Resolution: None
Category: ☘️福建频道, Name: 福建电视剧, Total: 6, Valid: 0, Valid Percent: 0.00%, Whitelist: 0, IPv4: 0, IPv6: 6, Min Delay: -1 ms, Max Speed: 0.00 M/s, Avg Speed: 0.00 M/s, Max Resolution: None
Category: ☘️福建频道, Name: 福建经济, Total: 6, Valid: 1, Valid Percent: 16.67%, Whitelist: 0, IPv4: 1, IPv6: 5, Min Delay: 18 ms, Max Speed: 5.38 M/s, Avg Speed: 5.38 M/s, Max Resolution: None
Category: ☘️福建频道, Name: 福建综合, Total: 6, Valid: 0, Valid Percent: 0.00%, Whitelist: 0, IPv4: 0, IPv6: 6, Min Delay: -1 ms, Max Speed: 0.00 M/s, Avg Speed: 0.00 M/s, Max Resolution: None
Category: ☘️福建频道, Name: 福建公共, Total: 2, Valid: 1, Valid Percent: 50.00%, Whitelist: 0, IPv4: 1, IPv6: 1, Min Delay: 526 ms, Max Speed: 0.00 M/s, Avg Speed: 0.00 M/s, Max Resolution: 1920x1080
Category: ☘️福建频道, Name: 福建旅游, Total: 2, Valid: 1, Valid Percent: 50.00%, Whitelist: 0, IPv4: 1, IPv6: 1, Min Delay: 538 ms, Max Speed: 0.06 M/s, Avg Speed: 0.06 M/s, Max Resolution: 1920x1080
Category: ☘️福建频道, Name: 福建经视, Total: 5, Valid: 0, Valid Percent: 0.00%, Whitelist: 0, IPv4: 0, IPv6: 5, Min Delay: -1 ms, Max Speed: 0.00 M/s, Avg Speed: 0.00 M/s, Max Resolution: None
Category: ☘️福建频道, Name: 福建少儿, Total: 6, Valid: 0, Valid Percent: 0.00%, Whitelist: 0, IPv4: 0, IPv6: 6, Min Delay: -1 ms, Max Speed: 0.00 M/s, Avg Speed: 0.00 M/s, Max Resolution: None
Category: ☘️海南频道, Name: 海南新闻, Total: 25, Valid: 0, Valid Percent: 0.00%, Whitelist: 0, IPv4: 0, IPv6: 25, Min Delay: -1 ms, Max Speed: 0.00 M/s, Avg Speed: 0.00 M/s, Max Resolution: None
Category: ☘️海南频道, Name: 海南自贸, Total: 23, Valid: 0, Valid Percent: 0.00%, Whitelist: 0, IPv4: 0, IPv6: 23, Min Delay: -1 ms, Max Speed: 0.00 M/s, Avg Speed: 0.00 M/s, Max Resolution: None
Category: ☘️海南频道, Name: 海南文旅, Total: 29, Valid: 0, Valid Percent: 0.00%, Whitelist: 0, IPv4: 0, IPv6: 29, Min Delay: -1 ms, Max Speed: 0.00 M/s, Avg Speed: 0.00 M/s, Max Resolution: None
Category: ☘️海南频道, Name: 海南少儿, Total: 23, Valid: 0, Valid Percent: 0.00%, Whitelist: 0, IPv4: 0, IPv6: 23, Min Delay: -1 ms, Max Speed: 0.00 M/s, Avg Speed: 0.00 M/s, Max Resolution: None
Category: ☘️海南频道, Name: 海南公共, Total: 29, Valid: 0, Valid Percent: 0.00%, Whitelist: 0, IPv4: 0, IPv6: 29, Min Delay: -1 ms, Max Speed: 0.00 M/s, Avg Speed: 0.00 M/s, Max Resolution: None
Category: ☘️河南频道, Name: 梨园, Total: 1, Valid: 1, Valid Percent: 100.00%, Whitelist: 0, IPv4: 1, IPv6: 0, Min Delay: 2256 ms, Max Speed: 0.81 M/s, Avg Speed: 0.81 M/s, Max Resolution: 1920x1080
Category: ☘️河南频道, Name: 临颍综合, Total: 1, Valid: 0, Valid Percent: 0.00%, Whitelist: 0, IPv4: 0, IPv6: 1, Min Delay: -1 ms, Max Speed: 0.00 M/s, Avg Speed: 0.00 M/s, Max Resolution: None
Category: ☘️河南频道, Name: 义马新闻综合, Total: 2, Valid: 0, Valid Percent: 0.00%, Whitelist: 0, IPv4: 0, IPv6: 2, Min Delay: -1 ms, Max Speed: 0.00 M/s, Avg Speed: 0.00 M/s, Max Resolution: None
Category: ☘️河南频道, Name: 光山综合, Total: 2, Valid: 0, Valid Percent: 0.00%, Whitelist: 0, IPv4: 0, IPv6: 2, Min Delay: -1 ms, Max Speed: 0.00 M/s, Avg Speed: 0.00 M/s, Max Resolution: None
Category: ☘️河南频道, Name: 兰考新闻, Total: 3, Valid: 0, Valid Percent: 0.00%, Whitelist: 0, IPv4: 0, IPv6: 3, Min Delay: -1 ms, Max Speed: 0.00 M/s, Avg Speed: 0.00 M/s, Max Resolution: None
Category: ☘️河南频道, Name: 卫辉综合, Total: 4, Valid: 0, Valid Percent: 0.00%, Whitelist: 0, IPv4: 0, IPv6: 4, Min Delay: -1 ms, Max Speed: 0.00 M/s, Avg Speed: 0.00 M/s, Max Resolution: None
Category: ☘️河南频道, Name: 叶县, Total: 2, Valid: 0, Valid Percent: 0.00%, Whitelist: 0, IPv4: 0, IPv6: 2, Min Delay: -1 ms, Max Speed: 0.00 M/s, Avg Speed: 0.00 M/s, Max Resolution: None
Category: ☘️河南频道, Name: 周口扶沟, Total: 1, Valid: 1, Valid Percent: 100.00%, Whitelist: 0, IPv4: 1, IPv6: 0, Min Delay: 10678 ms, Max Speed: 0.01 M/s, Avg Speed: 0.01 M/s, Max Resolution: 1920x1080
Category: ☘️河南频道, Name: 唐河一套, Total: 3, Valid: 0, Valid Percent: 0.00%, Whitelist: 0, IPv4: 0, IPv6: 3, Min Delay: -1 ms, Max Speed: 0.00 M/s, Avg Speed: 0.00 M/s, Max Resolution: None
Category: ☘️河南频道, Name: 固始综合, Total: 2, Valid: 0, Valid Percent: 0.00%, Whitelist: 0, IPv4: 0, IPv6: 2, Min Delay: -1 ms, Max Speed: 0.00 M/s, Avg Speed: 0.00 M/s, Max Resolution: None
Category: ☘️河南频道, Name: 宝丰综合, Total: 3, Valid: 0, Valid Percent: 0.00%, Whitelist: 0, IPv4: 0, IPv6: 3, Min Delay: -1 ms, Max Speed: 0.00 M/s, Avg Speed: 0.00 M/s, Max Resolution: None
Category: ☘️河南频道, Name: 巩义新闻综合, Total: 3, Valid: 0, Valid Percent: 0.00%, Whitelist: 0, IPv4: 0, IPv6: 3, Min Delay: -1 ms, Max Speed: 0.00 M/s, Avg Speed: 0.00 M/s, Max Resolution: None
Category: ☘️河南频道, Name: 扶沟综合, Total: 3, Valid: 0, Valid Percent: 0.00%, Whitelist: 0, IPv4: 0, IPv6: 3, Min Delay: -1 ms, Max Speed: 0.00 M/s, Avg Speed: 0.00 M/s, Max Resolution: None
Category: ☘️河南频道, Name: 新乡县电视台, Total: 1, Valid: 0, Valid Percent: 0.00%, Whitelist: 0, IPv4: 0, IPv6: 1, Min Delay: -1 ms, Max Speed: 0.00 M/s, Avg Speed: 0.00 M/s, Max Resolution: None
Category: ☘️河南频道, Name: 新县综合, Total: 2, Valid: 0, Valid Percent: 0.00%, Whitelist: 0, IPv4: 0, IPv6: 2, Min Delay: -1 ms, Max Speed: 0.00 M/s, Avg Speed: 0.00 M/s, Max Resolution: None
Category: ☘️河南频道, Name: 新蔡综合, Total: 3, Valid: 0, Valid Percent: 0.00%, Whitelist: 0, IPv4: 0, IPv6: 3, Min Delay: -1 ms, Max Speed: 0.00 M/s, Avg Speed: 0.00 M/s, Max Resolution: None
Category: ☘️河南频道, Name: 桐柏新闻综合, Total: 1, Valid: 0, Valid Percent: 0.00%, Whitelist: 0, IPv4: 0, IPv6: 1, Min Delay: -1 ms, Max Speed: 0.00 M/s, Avg Speed: 0.00 M/s, Max Resolution: None
Category: ☘️河南频道, Name: 泌阳新闻综合, Total: 3, Valid: 0, Valid Percent: 0.00%, Whitelist: 0, IPv4: 0, IPv6: 3, Min Delay: -1 ms, Max Speed: 0.00 M/s, Avg Speed: 0.00 M/s, Max Resolution: None
Category: ☘️河南频道, Name: 淅川电视, Total: 1, Valid: 0, Valid Percent: 0.00%, Whitelist: 0, IPv4: 0, IPv6: 1, Min Delay: -1 ms, Max Speed: 0.00 M/s, Avg Speed: 0.00 M/s, Max Resolution: None
Category: ☘️河南频道, Name: 渑池新闻综合, Total: 2, Valid: 0, Valid Percent: 0.00%, Whitelist: 0, IPv4: 0, IPv6: 2, Min Delay: -1 ms, Max Speed: 0.00 M/s, Avg Speed: 0.00 M/s, Max Resolution: None
Category: ☘️河南频道, Name: 温县综合, Total: 3, Valid: 0, Valid Percent: 0.00%, Whitelist: 0, IPv4: 0, IPv6: 3, Min Delay: -1 ms, Max Speed: 0.00 M/s, Avg Speed: 0.00 M/s, Max Resolution: None
Category: ☘️河南频道, Name: 潢川综合, Total: 2, Valid: 0, Valid Percent: 0.00%, Whitelist: 0, IPv4: 0, IPv6: 2, Min Delay: -1 ms, Max Speed: 0.00 M/s, Avg Speed: 0.00 M/s, Max Resolution: None
Category: ☘️河南频道, Name: 焦作综合, Total: 1, Valid: 0, Valid Percent: 0.00%, Whitelist: 0, IPv4: 0, IPv6: 1, Min Delay: -1 ms, Max Speed: 0.00 M/s, Avg Speed: 0.00 M/s, Max Resolution: None
Category: ☘️河南频道, Name: 登封综合, Total: 3, Valid: 0, Valid Percent: 0.00%, Whitelist: 0, IPv4: 0, IPv6: 3, Min Delay: -1 ms, Max Speed: 0.00 M/s, Avg Speed: 0.00 M/s, Max Resolution: None
Category: ☘️河南频道, Name: 禹州综合, Total: 1, Valid: 0, Valid Percent: 0.00%, Whitelist: 0, IPv4: 0, IPv6: 1, Min Delay: -1 ms, Max Speed: 0.00 M/s, Avg Speed: 0.00 M/s, Max Resolution: None
Category: ☘️河南频道, Name: 西华综合, Total: 3, Valid: 0, Valid Percent: 0.00%, Whitelist: 0, IPv4: 0, IPv6: 3, Min Delay: -1 ms, Max Speed: 0.00 M/s, Avg Speed: 0.00 M/s, Max Resolution: None
Category: ☘️河南频道, Name: 郏县综合, Total: 3, Valid: 0, Valid Percent: 0.00%, Whitelist: 0, IPv4: 0, IPv6: 3, Min Delay: -1 ms, Max Speed: 0.00 M/s, Avg Speed: 0.00 M/s, Max Resolution: None
Category: ☘️河南频道, Name: 郸城新闻综合, Total: 5, Valid: 0, Valid Percent: 0.00%, Whitelist: 0, IPv4: 0, IPv6: 5, Min Delay: -1 ms, Max Speed: 0.00 M/s, Avg Speed: 0.00 M/s, Max Resolution: None
Category: ☘️河南频道, Name: 鄢陵综合, Total: 2, Valid: 0, Valid Percent: 0.00%, Whitelist: 0, IPv4: 0, IPv6: 2, Min Delay: -1 ms, Max Speed: 0.00 M/s, Avg Speed: 0.00 M/s, Max Resolution: None
Category: ☘️河南频道, Name: 项城新闻, Total: 2, Valid: 0, Valid Percent: 0.00%, Whitelist: 0, IPv4: 0, IPv6: 2, Min Delay: -1 ms, Max Speed: 0.00 M/s, Avg Speed: 0.00 M/s, Max Resolution: None
Category: ☘️河南频道, Name: 鹤壁综合, Total: 1, Valid: 0, Valid Percent: 0.00%, Whitelist: 0, IPv4: 0, IPv6: 1, Min Delay: -1 ms, Max Speed: 0.00 M/s, Avg Speed: 0.00 M/s, Max Resolution: None
Category: ☘️河南频道, Name: 邓州新闻, Total: 1, Valid: 0, Valid Percent: 0.00%, Whitelist: 0, IPv4: 0, IPv6: 1, Min Delay: -1 ms, Max Speed: 0.00 M/s, Avg Speed: 0.00 M/s, Max Resolution: None
Category: ☘️河南频道, Name: 许昌公共, Total: 1, Valid: 0, Valid Percent: 0.00%, Whitelist: 0, IPv4: 0, IPv6: 1, Min Delay: -1 ms, Max Speed: 0.00 M/s, Avg Speed: 0.00 M/s, Max Resolution: None
Category: ☘️河南频道, Name: 荥阳综合, Total: 3, Valid: 0, Valid Percent: 0.00%, Whitelist: 0, IPv4: 0, IPv6: 3, Min Delay: -1 ms, Max Speed: 0.00 M/s, Avg Speed: 0.00 M/s, Max Resolution: None
Category: ☘️河南频道, Name: 焦作教育, Total: 1, Valid: 0, Valid Percent: 0.00%, Whitelist: 0, IPv4: 0, IPv6: 1, Min Delay: -1 ms, Max Speed: 0.00 M/s, Avg Speed: 0.00 M/s, Max Resolution: None
Category: ☘️河南频道, Name: 焦作公共, Total: 1, Valid: 0, Valid Percent: 0.00%, Whitelist: 0, IPv4: 0, IPv6: 1, Min Delay: -1 ms, Max Speed: 0.00 M/s, Avg Speed: 0.00 M/s, Max Resolution: None
Category: ☘️河南频道, Name: 灵宝新闻综合, Total: 1, Valid: 0, Valid Percent: 0.00%, Whitelist: 0, IPv4: 0, IPv6: 1, Min Delay: -1 ms, Max Speed: 0.00 M/s, Avg Speed: 0.00 M/s, Max Resolution: None
Category: ☘️河南频道, Name: 濮阳公共, Total: 1, Valid: 0, Valid Percent: 0.00%, Whitelist: 0, IPv4: 0, IPv6: 1, Min Delay: -1 ms, Max Speed: 0.00 M/s, Avg Speed: 0.00 M/s, Max Resolution: None
Category: ☘️河南频道, Name: 滑县新闻, Total: 1, Valid: 0, Valid Percent: 0.00%, Whitelist: 0, IPv4: 0, IPv6: 1, Min Delay: -1 ms, Max Speed: 0.00 M/s, Avg Speed: 0.00 M/s, Max Resolution: None
Category: ☘️河南频道, Name: 济源电视一套, Total: 2, Valid: 0, Valid Percent: 0.00%, Whitelist: 0, IPv4: 0, IPv6: 2, Min Delay: -1 ms, Max Speed: 0.00 M/s, Avg Speed: 0.00 M/s, Max Resolution: None
Category: ☘️河南频道, Name: 洛阳综合, Total: 2, Valid: 0, Valid Percent: 0.00%, Whitelist: 0, IPv4: 0, IPv6: 2, Min Delay: -1 ms, Max Speed: 0.00 M/s, Avg Speed: 0.00 M/s, Max Resolution: None
Category: ☘️河南频道, Name: 洛阳科教, Total: 2, Valid: 0, Valid Percent: 0.00%, Whitelist: 0, IPv4: 0, IPv6: 2, Min Delay: -1 ms, Max Speed: 0.00 M/s, Avg Speed: 0.00 M/s, Max Resolution: None
Category: ☘️河南频道, Name: 洛阳文旅, Total: 1, Valid: 0, Valid Percent: 0.00%, Whitelist: 0, IPv4: 0, IPv6: 1, Min Delay: -1 ms, Max Speed: 0.00 M/s, Avg Speed: 0.00 M/s, Max Resolution: None
Category: ☘️河南频道, Name: 河南都市, Total: 31, Valid: 1, Valid Percent: 3.23%, Whitelist: 0, IPv4: 1, IPv6: 30, Min Delay: 32 ms, Max Speed: 12.48 M/s, Avg Speed: 12.48 M/s, Max Resolution: 1920x1080
Category: ☘️河南频道, Name: 河南民生, Total: 30, Valid: 0, Valid Percent: 0.00%, Whitelist: 0, IPv4: 0, IPv6: 30, Min Delay: -1 ms, Max Speed: 0.00 M/s, Avg Speed: 0.00 M/s, Max Resolution: None
Category: ☘️河南频道, Name: 沁阳新闻综合, Total: 2, Valid: 0, Valid Percent: 0.00%, Whitelist: 0, IPv4: 0, IPv6: 2, Min Delay: -1 ms, Max Speed: 0.00 M/s, Avg Speed: 0.00 M/s, Max Resolution: None
Category: ☘️河南频道, Name: 永城综合, Total: 1, Valid: 0, Valid Percent: 0.00%, Whitelist: 0, IPv4: 0, IPv6: 1, Min Delay: -1 ms, Max Speed: 0.00 M/s, Avg Speed: 0.00 M/s, Max Resolution: None
Category: ☘️河南频道, Name: 方城一套, Total: 2, Valid: 0, Valid Percent: 0.00%, Whitelist: 0, IPv4: 0, IPv6: 2, Min Delay: -1 ms, Max Speed: 0.00 M/s, Avg Speed: 0.00 M/s, Max Resolution: None
Category: ☘️河南频道, Name: 新野综合, Total: 3, Valid: 0, Valid Percent: 0.00%, Whitelist: 0, IPv4: 0, IPv6: 3, Min Delay: -1 ms, Max Speed: 0.00 M/s, Avg Speed: 0.00 M/s, Max Resolution: None
Category: ☘️河南频道, Name: 新安新闻综合, Total: 3, Valid: 0, Valid Percent: 0.00%, Whitelist: 0, IPv4: 0, IPv6: 3, Min Delay: -1 ms, Max Speed: 0.00 M/s, Avg Speed: 0.00 M/s, Max Resolution: None
Category: ☘️河南频道, Name: 开封新闻综合, Total: 2, Valid: 0, Valid Percent: 0.00%, Whitelist: 0, IPv4: 0, IPv6: 2, Min Delay: -1 ms, Max Speed: 0.00 M/s, Avg Speed: 0.00 M/s, Max Resolution: None
Category: ☘️河南频道, Name: 开封文化旅游, Total: 3, Valid: 0, Valid Percent: 0.00%, Whitelist: 0, IPv4: 0, IPv6: 3, Min Delay: -1 ms, Max Speed: 0.00 M/s, Avg Speed: 0.00 M/s, Max Resolution: None
Category: ☘️河南频道, Name: 嵩县综合新闻, Total: 1, Valid: 0, Valid Percent: 0.00%, Whitelist: 0, IPv4: 0, IPv6: 1, Min Delay: -1 ms, Max Speed: 0.00 M/s, Avg Speed: 0.00 M/s, Max Resolution: None
Category: ☘️河南频道, Name: 宜阳综合, Total: 4, Valid: 0, Valid Percent: 0.00%, Whitelist: 0, IPv4: 0, IPv6: 4, Min Delay: -1 ms, Max Speed: 0.00 M/s, Avg Speed: 0.00 M/s, Max Resolution: None
Category: ☘️河南频道, Name: 周口新闻综合, Total: 2, Valid: 0, Valid Percent: 0.00%, Whitelist: 0, IPv4: 0, IPv6: 2, Min Delay: -1 ms, Max Speed: 0.00 M/s, Avg Speed: 0.00 M/s, Max Resolution: None
Category: ☘️河南频道, Name: 内黄综合, Total: 3, Valid: 0, Valid Percent: 0.00%, Whitelist: 0, IPv4: 0, IPv6: 3, Min Delay: -1 ms, Max Speed: 0.00 M/s, Avg Speed: 0.00 M/s, Max Resolution: None
Category: ☘️河南频道, Name: 内乡综合, Total: 1, Valid: 0, Valid Percent: 0.00%, Whitelist: 0, IPv4: 0, IPv6: 1, Min Delay: -1 ms, Max Speed: 0.00 M/s, Avg Speed: 0.00 M/s, Max Resolution: None
Category: ☘️河南频道, Name: 偃师新闻, Total: 2, Valid: 0, Valid Percent: 0.00%, Whitelist: 0, IPv4: 0, IPv6: 2, Min Delay: -1 ms, Max Speed: 0.00 M/s, Avg Speed: 0.00 M/s, Max Resolution: None
Category: ☘️河北频道, Name: 鹿泉一套, Total: 1, Valid: 0, Valid Percent: 0.00%, Whitelist: 0, IPv4: 0, IPv6: 1, Min Delay: -1 ms, Max Speed: 0.00 M/s, Avg Speed: 0.00 M/s, Max Resolution: None
Category: ☘️河北频道, Name: 邯郸科技教育, Total: 1, Valid: 0, Valid Percent: 0.00%, Whitelist: 0, IPv4: 0, IPv6: 1, Min Delay: -1 ms, Max Speed: 0.00 M/s, Avg Speed: 0.00 M/s, Max Resolution: None
Category: ☘️河北频道, Name: 邯郸公共, Total: 1, Valid: 0, Valid Percent: 0.00%, Whitelist: 0, IPv4: 0, IPv6: 1, Min Delay: -1 ms, Max Speed: 0.00 M/s, Avg Speed: 0.00 M/s, Max Resolution: None
Category: ☘️河北频道, Name: 邯郸新闻, Total: 1, Valid: 0, Valid Percent: 0.00%, Whitelist: 0, IPv4: 0, IPv6: 1, Min Delay: -1 ms, Max Speed: 0.00 M/s, Avg Speed: 0.00 M/s, Max Resolution: None
Category: ☘️河北频道, Name: 邯郸科教, Total: 1, Valid: 0, Valid Percent: 0.00%, Whitelist: 0, IPv4: 0, IPv6: 1, Min Delay: -1 ms, Max Speed: 0.00 M/s, Avg Speed: 0.00 M/s, Max Resolution: None
Category: ☘️河北频道, Name: 邢台综合, Total: 11, Valid: 0, Valid Percent: 0.00%, Whitelist: 0, IPv4: 0, IPv6: 11, Min Delay: -1 ms, Max Speed: 0.00 M/s, Avg Speed: 0.00 M/s, Max Resolution: None
Category: ☘️河北频道, Name: 衡水公共, Total: 1, Valid: 0, Valid Percent: 0.00%, Whitelist: 0, IPv4: 0, IPv6: 1, Min Delay: -1 ms, Max Speed: 0.00 M/s, Avg Speed: 0.00 M/s, Max Resolution: None
Category: ☘️河北频道, Name: 石家庄都市, Total: 4, Valid: 0, Valid Percent: 0.00%, Whitelist: 0, IPv4: 0, IPv6: 4, Min Delay: -1 ms, Max Speed: 0.00 M/s, Avg Speed: 0.00 M/s, Max Resolution: None
Category: ☘️河北频道, Name: 石家庄生活, Total: 4, Valid: 0, Valid Percent: 0.00%, Whitelist: 0, IPv4: 0, IPv6: 4, Min Delay: -1 ms, Max Speed: 0.00 M/s, Avg Speed: 0.00 M/s, Max Resolution: None
Category: ☘️河北频道, Name: 石家庄新闻综合, Total: 5, Valid: 0, Valid Percent: 0.00%, Whitelist: 0, IPv4: 0, IPv6: 5, Min Delay: -1 ms, Max Speed: 0.00 M/s, Avg Speed: 0.00 M/s, Max Resolution: None
Category: ☘️河北频道, Name: 石家庄娱乐, Total: 5, Valid: 0, Valid Percent: 0.00%, Whitelist: 0, IPv4: 0, IPv6: 5, Min Delay: -1 ms, Max Speed: 0.00 M/s, Avg Speed: 0.00 M/s, Max Resolution: None
Category: ☘️河北频道, Name: 滦平新闻, Total: 1, Valid: 0, Valid Percent: 0.00%, Whitelist: 0, IPv4: 0, IPv6: 1, Min Delay: -1 ms, Max Speed: 0.00 M/s, Avg Speed: 0.00 M/s, Max Resolution: None
Category: ☘️河北频道, Name: 河北都市, Total: 2, Valid: 1, Valid Percent: 50.00%, Whitelist: 0, IPv4: 1, IPv6: 1, Min Delay: 1051 ms, Max Speed: 0.09 M/s, Avg Speed: 0.09 M/s, Max Resolution: None
Category: ☘️河北频道, Name: 河北农民, Total: 5, Valid: 0, Valid Percent: 0.00%, Whitelist: 0, IPv4: 0, IPv6: 5, Min Delay: -1 ms, Max Speed: 0.00 M/s, Avg Speed: 0.00 M/s, Max Resolution: None
Category: ☘️河北频道, Name: 昌黎综合, Total: 2, Valid: 0, Valid Percent: 0.00%, Whitelist: 0, IPv4: 0, IPv6: 2, Min Delay: -1 ms, Max Speed: 0.00 M/s, Avg Speed: 0.00 M/s, Max Resolution: None
Category: ☘️河北频道, Name: 任丘文娱, Total: 2, Valid: 0, Valid Percent: 0.00%, Whitelist: 0, IPv4: 0, IPv6: 2, Min Delay: -1 ms, Max Speed: 0.00 M/s, Avg Speed: 0.00 M/s, Max Resolution: None
Category: ☘️河北频道, Name: 任丘综合, Total: 2, Valid: 0, Valid Percent: 0.00%, Whitelist: 0, IPv4: 0, IPv6: 2, Min Delay: -1 ms, Max Speed: 0.00 M/s, Avg Speed: 0.00 M/s, Max Resolution: None
Category: ☘️河北频道, Name: 兴隆综合, Total: 2, Valid: 0, Valid Percent: 0.00%, Whitelist: 0, IPv4: 0, IPv6: 2, Min Delay: -1 ms, Max Speed: 0.00 M/s, Avg Speed: 0.00 M/s, Max Resolution: None
Category: ☘️河北频道, Name: 平泉影视, Total: 1, Valid: 0, Valid Percent: 0.00%, Whitelist: 0, IPv4: 0, IPv6: 1, Min Delay: -1 ms, Max Speed: 0.00 M/s, Avg Speed: 0.00 M/s, Max Resolution: None
Category: ☘️河北频道, Name: 平泉综合, Total: 1, Valid: 0, Valid Percent: 0.00%, Whitelist: 0, IPv4: 0, IPv6: 1, Min Delay: -1 ms, Max Speed: 0.00 M/s, Avg Speed: 0.00 M/s, Max Resolution: None
Category: ☘️河北频道, Name: 清河新闻综合, Total: 2, Valid: 0, Valid Percent: 0.00%, Whitelist: 0, IPv4: 0, IPv6: 2, Min Delay: -1 ms, Max Speed: 0.00 M/s, Avg Speed: 0.00 M/s, Max Resolution: None
Category: ☘️河北频道, Name: 清河经济综艺, Total: 2, Valid: 0, Valid Percent: 0.00%, Whitelist: 0, IPv4: 0, IPv6: 2, Min Delay: -1 ms, Max Speed: 0.00 M/s, Avg Speed: 0.00 M/s, Max Resolution: None
Category: ☘️贵州频道, Name: 安顺新闻, Total: 2, Valid: 0, Valid Percent: 0.00%, Whitelist: 0, IPv4: 0, IPv6: 2, Min Delay: -1 ms, Max Speed: 0.00 M/s, Avg Speed: 0.00 M/s, Max Resolution: None
Category: ☘️贵州频道, Name: 贵州移动电视, Total: 1, Valid: 1, Valid Percent: 100.00%, Whitelist: 0, IPv4: 1, IPv6: 0, Min Delay: 889 ms, Max Speed: 0.01 M/s, Avg Speed: 0.01 M/s, Max Resolution: 1920x1080
Category: ☘️甘肃频道, Name: 甘肃经济, Total: 2, Valid: 1, Valid Percent: 50.00%, Whitelist: 0, IPv4: 1, IPv6: 1, Min Delay: 27 ms, Max Speed: 3.90 M/s, Avg Speed: 3.90 M/s, Max Resolution: None
Category: ☘️甘肃频道, Name: 甘肃都市, Total: 2, Valid: 1, Valid Percent: 50.00%, Whitelist: 0, IPv4: 1, IPv6: 1, Min Delay: 25 ms, Max Speed: 4.04 M/s, Avg Speed: 4.04 M/s, Max Resolution: None
Category: ☘️甘肃频道, Name: 临夏州综合, Total: 1, Valid: 1, Valid Percent: 100.00%, Whitelist: 0, IPv4: 1, IPv6: 0, Min Delay: 980 ms, Max Speed: 0.15 M/s, Avg Speed: 0.15 M/s, Max Resolution: 720x576
Category: ☘️甘肃频道, Name: 嘉峪关综合, Total: 1, Valid: 1, Valid Percent: 100.00%, Whitelist: 0, IPv4: 1, IPv6: 0, Min Delay: 819 ms, Max Speed: 0.12 M/s, Avg Speed: 0.12 M/s, Max Resolution: 1920x1080
Category: ☘️甘肃频道, Name: 永昌综合, Total: 1, Valid: 1, Valid Percent: 100.00%, Whitelist: 0, IPv4: 1, IPv6: 0, Min Delay: 1726 ms, Max Speed: 1.06 M/s, Avg Speed: 1.06 M/s, Max Resolution: 1920x1080
Category: ☘️甘肃频道, Name: 甘南综合, Total: 1, Valid: 1, Valid Percent: 100.00%, Whitelist: 0, IPv4: 1, IPv6: 0, Min Delay: 1657 ms, Max Speed: 0.15 M/s, Avg Speed: 0.15 M/s, Max Resolution: 1920x1080
Category: ☘️甘肃频道, Name: 甘肃少儿, Total: 1, Valid: 0, Valid Percent: 0.00%, Whitelist: 0, IPv4: 0, IPv6: 1, Min Delay: -1 ms, Max Speed: 0.00 M/s, Avg Speed: 0.00 M/s, Max Resolution: None
Category: ☘️甘肃频道, Name: 白银综合, Total: 2, Valid: 2, Valid Percent: 100.00%, Whitelist: 0, IPv4: 2, IPv6: 0, Min Delay: 1612 ms, Max Speed: 1.05 M/s, Avg Speed: 0.91 M/s, Max Resolution: 1920x1080
Category: ☘️甘肃频道, Name: 秦安综合, Total: 1, Valid: 1, Valid Percent: 100.00%, Whitelist: 0, IPv4: 1, IPv6: 0, Min Delay: 2016 ms, Max Speed: 0.93 M/s, Avg Speed: 0.93 M/s, Max Resolution: 1920x1080
Category: ☘️甘肃频道, Name: 西峰综合, Total: 1, Valid: 1, Valid Percent: 100.00%, Whitelist: 0, IPv4: 1, IPv6: 0, Min Delay: 2205 ms, Max Speed: 1.38 M/s, Avg Speed: 1.38 M/s, Max Resolution: 1280x720
Category: ☘️甘肃频道, Name: 酒泉综合, Total: 1, Valid: 0, Valid Percent: 0.00%, Whitelist: 0, IPv4: 0, IPv6: 1, Min Delay: -1 ms, Max Speed: 0.00 M/s, Avg Speed: 0.00 M/s, Max Resolution: None
Category: ☘️甘肃频道, Name: 金昌综合, Total: 1, Valid: 0, Valid Percent: 0.00%, Whitelist: 0, IPv4: 1, IPv6: 0, Min Delay: 260 ms, Max Speed: 0.00 M/s, Avg Speed: 0.00 M/s, Max Resolution: None
Category: ☘️新疆频道, Name: 哈密一套, Total: 1, Valid: 1, Valid Percent: 100.00%, Whitelist: 0, IPv4: 1, IPv6: 0, Min Delay: 297 ms, Max Speed: 0.17 M/s, Avg Speed: 0.17 M/s, Max Resolution: 1920x1080
Category: ☘️新疆频道, Name: 哈密二套, Total: 1, Valid: 1, Valid Percent: 100.00%, Whitelist: 0, IPv4: 1, IPv6: 0, Min Delay: 39 ms, Max Speed: 17.85 M/s, Avg Speed: 17.85 M/s, Max Resolution: 1920x1080
Category: ☘️新疆频道, Name: 哈密三套, Total: 1, Valid: 1, Valid Percent: 100.00%, Whitelist: 0, IPv4: 1, IPv6: 0, Min Delay: 39 ms, Max Speed: 16.97 M/s, Avg Speed: 16.97 M/s, Max Resolution: 1920x1080
Category: ☘️新疆频道, Name: 伊犁维吾尔, Total: 2, Valid: 2, Valid Percent: 100.00%, Whitelist: 0, IPv4: 2, IPv6: 0, Min Delay: 3149 ms, Max Speed: 1.01 M/s, Avg Speed: 1.01 M/s, Max Resolution: None
Category: ☘️新疆频道, Name: 伊犁哈萨克, Total: 1, Valid: 1, Valid Percent: 100.00%, Whitelist: 0, IPv4: 1, IPv6: 0, Min Delay: 4890 ms, Max Speed: 0.79 M/s, Avg Speed: 0.79 M/s, Max Resolution: None
Category: ☘️新疆频道, Name: 伊犁经济法制, Total: 2, Valid: 2, Valid Percent: 100.00%, Whitelist: 0, IPv4: 2, IPv6: 0, Min Delay: 4459 ms, Max Speed: 0.83 M/s, Avg Speed: 0.77 M/s, Max Resolution: None
Category: ☘️新疆频道, Name: 兵团五师双河新闻综合, Total: 2, Valid: 2, Valid Percent: 100.00%, Whitelist: 0, IPv4: 2, IPv6: 0, Min Delay: 1109 ms, Max Speed: 0.16 M/s, Avg Speed: 0.16 M/s, Max Resolution: 720x576
Category: ☘️新疆频道, Name: 奎屯哈萨克语, Total: 2, Valid: 2, Valid Percent: 100.00%, Whitelist: 0, IPv4: 2, IPv6: 0, Min Delay: 1755 ms, Max Speed: 0.07 M/s, Avg Speed: 0.07 M/s, Max Resolution: 1920x1080
Category: ☘️新疆频道, Name: 玛纳斯综合, Total: 3, Valid: 3, Valid Percent: 100.00%, Whitelist: 0, IPv4: 3, IPv6: 0, Min Delay: 5262 ms, Max Speed: 0.20 M/s, Avg Speed: 0.19 M/s, Max Resolution: 1920x1080
Category: ☘️新疆频道, Name: 新疆卫视, Total: 15, Valid: 0, Valid Percent: 0.00%, Whitelist: 0, IPv4: 0, IPv6: 15, Min Delay: -1 ms, Max Speed: 0.00 M/s, Avg Speed: 0.00 M/s, Max Resolution: None
Category: ☘️新疆频道, Name: 可克达拉综合, Total: 2, Valid: 1, Valid Percent: 50.00%, Whitelist: 0, IPv4: 2, IPv6: 0, Min Delay: 10785 ms, Max Speed: 0.16 M/s, Avg Speed: 0.16 M/s, Max Resolution: 1920x1080
Category: ☘️新疆频道, Name: 巴音郭楞州, Total: 1, Valid: 0, Valid Percent: 0.00%, Whitelist: 0, IPv4: 1, IPv6: 0, Min Delay: -1 ms, Max Speed: 0.00 M/s, Avg Speed: 0.00 M/s, Max Resolution: 1920x1080
Category: ☘️新疆频道, Name: 石河子教育, Total: 1, Valid: 0, Valid Percent: 0.00%, Whitelist: 0, IPv4: 1, IPv6: 0, Min Delay: 5053 ms, Max Speed: 0.00 M/s, Avg Speed: 0.00 M/s, Max Resolution: None
Category: ☘️新疆频道, Name: 石河子新闻综合, Total: 1, Valid: 0, Valid Percent: 0.00%, Whitelist: 0, IPv4: 1, IPv6: 0, Min Delay: 5055 ms, Max Speed: 0.00 M/s, Avg Speed: 0.00 M/s, Max Resolution: None
Category: ☘️山东频道, Name: 山东少儿, Total: 8, Valid: 0, Valid Percent: 0.00%, Whitelist: 0, IPv4: 0, IPv6: 8, Min Delay: -1 ms, Max Speed: 0.00 M/s, Avg Speed: 0.00 M/s, Max Resolution: None
Category: ☘️山东频道, Name: 山东新闻, Total: 7, Valid: 0, Valid Percent: 0.00%, Whitelist: 0, IPv4: 0, IPv6: 7, Min Delay: -1 ms, Max Speed: 0.00 M/s, Avg Speed: 0.00 M/s, Max Resolution: None
Category: ☘️山东频道, Name: 山东教育, Total: 29, Valid: 0, Valid Percent: 0.00%, Whitelist: 0, IPv4: 0, IPv6: 29, Min Delay: -1 ms, Max Speed: 0.00 M/s, Avg Speed: 0.00 M/s, Max Resolution: None
Category: ☘️山东频道, Name: 山东农科, Total: 1, Valid: 0, Valid Percent: 0.00%, Whitelist: 0, IPv4: 1, IPv6: 0, Min Delay: 10884 ms, Max Speed: 0.00 M/s, Avg Speed: 0.00 M/s, Max Resolution: None
Category: ☘️山东频道, Name: 山东生活, Total: 1, Valid: 0, Valid Percent: 0.00%, Whitelist: 0, IPv4: 0, IPv6: 1, Min Delay: -1 ms, Max Speed: 0.00 M/s, Avg Speed: 0.00 M/s, Max Resolution: None
Category: ☘️山东频道, Name: 山东体育, Total: 11, Valid: 0, Valid Percent: 0.00%, Whitelist: 0, IPv4: 0, IPv6: 11, Min Delay: -1 ms, Max Speed: 0.00 M/s, Avg Speed: 0.00 M/s, Max Resolution: None
Category: ☘️山东频道, Name: 山东文旅, Total: 1, Valid: 0, Valid Percent: 0.00%, Whitelist: 0, IPv4: 1, IPv6: 0, Min Delay: 10390 ms, Max Speed: 0.00 M/s, Avg Speed: 0.00 M/s, Max Resolution: None
Category: ☘️山东频道, Name: 山东综艺, Total: 1, Valid: 0, Valid Percent: 0.00%, Whitelist: 0, IPv4: 1, IPv6: 0, Min Delay: 10284 ms, Max Speed: 0.00 M/s, Avg Speed: 0.00 M/s, Max Resolution: None
Category: ☘️山东频道, Name: 济南综合, Total: 2, Valid: 0, Valid Percent: 0.00%, Whitelist: 0, IPv4: 0, IPv6: 2, Min Delay: -1 ms, Max Speed: 0.00 M/s, Avg Speed: 0.00 M/s, Max Resolution: None
Category: ☘️山东频道, Name: 济南新闻综合, Total: 2, Valid: 0, Valid Percent: 0.00%, Whitelist: 0, IPv4: 0, IPv6: 2, Min Delay: -1 ms, Max Speed: 0.00 M/s, Avg Speed: 0.00 M/s, Max Resolution: None
Category: ☘️山东频道, Name: 济南教育, Total: 1, Valid: 0, Valid Percent: 0.00%, Whitelist: 0, IPv4: 0, IPv6: 1, Min Delay: -1 ms, Max Speed: 0.00 M/s, Avg Speed: 0.00 M/s, Max Resolution: None
Category: ☘️山东频道, Name: 潍坊新闻综合, Total: 2, Valid: 0, Valid Percent: 0.00%, Whitelist: 0, IPv4: 0, IPv6: 2, Min Delay: -1 ms, Max Speed: 0.00 M/s, Avg Speed: 0.00 M/s, Max Resolution: None
Category: ☘️山西频道, Name: 万荣综合, Total: 1, Valid: 1, Valid Percent: 100.00%, Whitelist: 0, IPv4: 1, IPv6: 0, Min Delay: 2336 ms, Max Speed: 0.13 M/s, Avg Speed: 0.13 M/s, Max Resolution: 720x404
Category: ☘️山西频道, Name: 古县综合, Total: 1, Valid: 1, Valid Percent: 100.00%, Whitelist: 0, IPv4: 1, IPv6: 0, Min Delay: 2468 ms, Max Speed: 0.65 M/s, Avg Speed: 0.65 M/s, Max Resolution: 720x480
Category: ☘️山西频道, Name: 大宁综合, Total: 1, Valid: 1, Valid Percent: 100.00%, Whitelist: 0, IPv4: 1, IPv6: 0, Min Delay: 1365 ms, Max Speed: 0.06 M/s, Avg Speed: 0.06 M/s, Max Resolution: None
Category: ☘️山西频道, Name: 太谷新闻综合, Total: 3, Valid: 3, Valid Percent: 100.00%, Whitelist: 0, IPv4: 3, IPv6: 0, Min Delay: 230 ms, Max Speed: 6.94 M/s, Avg Speed: 6.32 M/s, Max Resolution: 1920x1080
Category: ☘️山西频道, Name: 定襄综合, Total: 1, Valid: 1, Valid Percent: 100.00%, Whitelist: 0, IPv4: 1, IPv6: 0, Min Delay: 2095 ms, Max Speed: 0.44 M/s, Avg Speed: 0.44 M/s, Max Resolution: 1280x720
Category: ☘️山西频道, Name: 武乡新闻综合, Total: 4, Valid: 0, Valid Percent: 0.00%, Whitelist: 0, IPv4: 0, IPv6: 4, Min Delay: -1 ms, Max Speed: 0.00 M/s, Avg Speed: 0.00 M/s, Max Resolution: None
Category: ☘️山西频道, Name: 汾西综合, Total: 1, Valid: 1, Valid Percent: 100.00%, Whitelist: 0, IPv4: 1, IPv6: 0, Min Delay: 2018 ms, Max Speed: 0.51 M/s, Avg Speed: 0.51 M/s, Max Resolution: 1920x1080
Category: ☘️山西频道, Name: 祁县新闻综合, Total: 1, Valid: 1, Valid Percent: 100.00%, Whitelist: 0, IPv4: 1, IPv6: 0, Min Delay: 1442 ms, Max Speed: 0.15 M/s, Avg Speed: 0.15 M/s, Max Resolution: 640x360
Category: ☘️山西频道, Name: 运城科技教育, Total: 2, Valid: 0, Valid Percent: 0.00%, Whitelist: 0, IPv4: 0, IPv6: 2, Min Delay: -1 ms, Max Speed: 0.00 M/s, Avg Speed: 0.00 M/s, Max Resolution: None
Category: ☘️山西频道, Name: 长子综合, Total: 1, Valid: 1, Valid Percent: 100.00%, Whitelist: 0, IPv4: 1, IPv6: 0, Min Delay: 10392 ms, Max Speed: 0.03 M/s, Avg Speed: 0.03 M/s, Max Resolution: 720x576
Category: ☘️山西频道, Name: 黎城综合, Total: 1, Valid: 1, Valid Percent: 100.00%, Whitelist: 0, IPv4: 1, IPv6: 0, Min Delay: 2500 ms, Max Speed: 1.09 M/s, Avg Speed: 1.09 M/s, Max Resolution: 1920x1080
Category: ☘️安徽频道, Name: 安徽国际, Total: 2, Valid: 0, Valid Percent: 0.00%, Whitelist: 0, IPv4: 0, IPv6: 2, Min Delay: -1 ms, Max Speed: 0.00 M/s, Avg Speed: 0.00 M/s, Max Resolution: None
Category: ☘️安徽频道, Name: 安徽影视, Total: 5, Valid: 0, Valid Percent: 0.00%, Whitelist: 0, IPv4: 0, IPv6: 5, Min Delay: -1 ms, Max Speed: 0.00 M/s, Avg Speed: 0.00 M/s, Max Resolution: None
Category: ☘️安徽频道, Name: 安徽经济生活, Total: 1, Valid: 0, Valid Percent: 0.00%, Whitelist: 0, IPv4: 0, IPv6: 1, Min Delay: -1 ms, Max Speed: 0.00 M/s, Avg Speed: 0.00 M/s, Max Resolution: None
Category: ☘️安徽频道, Name: 安徽综艺体育, Total: 5, Valid: 0, Valid Percent: 0.00%, Whitelist: 0, IPv4: 0, IPv6: 5, Min Delay: -1 ms, Max Speed: 0.00 M/s, Avg Speed: 0.00 M/s, Max Resolution: None
Category: ☘️安徽频道, Name: 安徽导视, Total: 1, Valid: 0, Valid Percent: 0.00%, Whitelist: 0, IPv4: 0, IPv6: 1, Min Delay: -1 ms, Max Speed: 0.00 M/s, Avg Speed: 0.00 M/s, Max Resolution: None
Category: ☘️安徽频道, Name: 合肥新闻, Total: 2, Valid: 1, Valid Percent: 50.00%, Whitelist: 0, IPv4: 2, IPv6: 0, Min Delay: 524 ms, Max Speed: 0.04 M/s, Avg Speed: 0.04 M/s, Max Resolution: 720x576
Category: ☘️安徽频道, Name: 固镇新闻, Total: 2, Valid: 2, Valid Percent: 100.00%, Whitelist: 0, IPv4: 2, IPv6: 0, Min Delay: 10557 ms, Max Speed: 0.09 M/s, Avg Speed: 0.09 M/s, Max Resolution: 1920x1080
Category: ☘️安徽频道, Name: 黄山新闻综合, Total: 2, Valid: 0, Valid Percent: 0.00%, Whitelist: 0, IPv4: 0, IPv6: 2, Min Delay: -1 ms, Max Speed: 0.00 M/s, Avg Speed: 0.00 M/s, Max Resolution: None
Category: ☘️安徽频道, Name: 黄山公共生活, Total: 1, Valid: 0, Valid Percent: 0.00%, Whitelist: 0, IPv4: 0, IPv6: 1, Min Delay: -1 ms, Max Speed: 0.00 M/s, Avg Speed: 0.00 M/s, Max Resolution: None
Category: ☘️安徽频道, Name: 铜陵新闻综合, Total: 1, Valid: 0, Valid Percent: 0.00%, Whitelist: 0, IPv4: 0, IPv6: 1, Min Delay: -1 ms, Max Speed: 0.00 M/s, Avg Speed: 0.00 M/s, Max Resolution: None
Category: ☘️安徽频道, Name: 祁门综合, Total: 3, Valid: 0, Valid Percent: 0.00%, Whitelist: 0, IPv4: 2, IPv6: 1, Min Delay: -1 ms, Max Speed: 0.00 M/s, Avg Speed: 0.00 M/s, Max Resolution: 1920x1080
Category: ☘️安徽频道, Name: 灵璧综合, Total: 2, Valid: 2, Valid Percent: 100.00%, Whitelist: 0, IPv4: 2, IPv6: 0, Min Delay: 2895 ms, Max Speed: 0.21 M/s, Avg Speed: 0.20 M/s, Max Resolution: 640x480
Category: ☘️安徽频道, Name: 滁州科教, Total: 3, Valid: 0, Valid Percent: 0.00%, Whitelist: 0, IPv4: 0, IPv6: 3, Min Delay: -1 ms, Max Speed: 0.00 M/s, Avg Speed: 0.00 M/s, Max Resolution: None
Category: ☘️安徽频道, Name: 滁州新闻综合, Total: 1, Valid: 0, Valid Percent: 0.00%, Whitelist: 0, IPv4: 0, IPv6: 1, Min Delay: -1 ms, Max Speed: 0.00 M/s, Avg Speed: 0.00 M/s, Max Resolution: None
Category: ☘️安徽频道, Name: 滁州市广播电视台 新闻综合, Total: 1, Valid: 0, Valid Percent: 0.00%, Whitelist: 0, IPv4: 0, IPv6: 1, Min Delay: -1 ms, Max Speed: 0.00 M/s, Avg Speed: 0.00 M/s, Max Resolution: None
Category: ☘️安徽频道, Name: 滁州市广播电视台 公共, Total: 1, Valid: 0, Valid Percent: 0.00%, Whitelist: 0, IPv4: 0, IPv6: 1, Min Delay: -1 ms, Max Speed: 0.00 M/s, Avg Speed: 0.00 M/s, Max Resolution: None
Category: ☘️安徽频道, Name: 滁州公共, Total: 1, Valid: 0, Valid Percent: 0.00%, Whitelist: 0, IPv4: 0, IPv6: 1, Min Delay: -1 ms, Max Speed: 0.00 M/s, Avg Speed: 0.00 M/s, Max Resolution: None
Category: ☘️安徽频道, Name: 涡阳新闻综合, Total: 1, Valid: 1, Valid Percent: 100.00%, Whitelist: 0, IPv4: 1, IPv6: 0, Min Delay: 1924 ms, Max Speed: 0.24 M/s, Avg Speed: 0.24 M/s, Max Resolution: 544x480
Category: ☘️安徽频道, Name: 宿州新闻综合, Total: 3, Valid: 0, Valid Percent: 0.00%, Whitelist: 0, IPv4: 0, IPv6: 3, Min Delay: -1 ms, Max Speed: 0.00 M/s, Avg Speed: 0.00 M/s, Max Resolution: None
Category: ☘️安徽频道, Name: 宿州公共, Total: 1, Valid: 0, Valid Percent: 0.00%, Whitelist: 0, IPv4: 0, IPv6: 1, Min Delay: -1 ms, Max Speed: 0.00 M/s, Avg Speed: 0.00 M/s, Max Resolution: None
Category: ☘️安徽频道, Name: 六安新闻综合, Total: 1, Valid: 0, Valid Percent: 0.00%, Whitelist: 0, IPv4: 0, IPv6: 1, Min Delay: -1 ms, Max Speed: 0.00 M/s, Avg Speed: 0.00 M/s, Max Resolution: None
Category: ☘️安徽频道, Name: 六安公共, Total: 1, Valid: 0, Valid Percent: 0.00%, Whitelist: 0, IPv4: 0, IPv6: 1, Min Delay: -1 ms, Max Speed: 0.00 M/s, Avg Speed: 0.00 M/s, Max Resolution: None
Category: ☘️安徽频道, Name: 亳州新闻, Total: 1, Valid: 0, Valid Percent: 0.00%, Whitelist: 0, IPv4: 0, IPv6: 1, Min Delay: -1 ms, Max Speed: 0.00 M/s, Avg Speed: 0.00 M/s, Max Resolution: None
Category: ☘️安徽频道, Name: 亳州农村, Total: 2, Valid: 0, Valid Percent: 0.00%, Whitelist: 0, IPv4: 0, IPv6: 2, Min Delay: -1 ms, Max Speed: 0.00 M/s, Avg Speed: 0.00 M/s, Max Resolution: None
Category: ☘️宁夏频道, Name: 宁夏经济, Total: 1, Valid: 0, Valid Percent: 0.00%, Whitelist: 0, IPv4: 0, IPv6: 1, Min Delay: -1 ms, Max Speed: 0.00 M/s, Avg Speed: 0.00 M/s, Max Resolution: None
Category: ☘️宁夏频道, Name: 吴忠综合, Total: 2, Valid: 2, Valid Percent: 100.00%, Whitelist: 0, IPv4: 2, IPv6: 0, Min Delay: 1168 ms, Max Speed: 0.07 M/s, Avg Speed: 0.07 M/s, Max Resolution: 320x240
Category: ☘️宁夏频道, Name: 吴忠公共, Total: 2, Valid: 2, Valid Percent: 100.00%, Whitelist: 0, IPv4: 2, IPv6: 0, Min Delay: 1207 ms, Max Speed: 0.07 M/s, Avg Speed: 0.07 M/s, Max Resolution: 320x240
Category: ☘️吉林频道, Name: 延边卫视, Total: 3, Valid: 0, Valid Percent: 0.00%, Whitelist: 0, IPv4: 0, IPv6: 3, Min Delay: -1 ms, Max Speed: 0.00 M/s, Avg Speed: 0.00 M/s, Max Resolution: None
Category: ☘️吉林频道, Name: 吉林乡村, Total: 1, Valid: 1, Valid Percent: 100.00%, Whitelist: 0, IPv4: 1, IPv6: 0, Min Delay: 25 ms, Max Speed: 4.31 M/s, Avg Speed: 4.31 M/s, Max Resolution: None
Category: ☘️吉林频道, Name: 长白山电视台, Total: 1, Valid: 1, Valid Percent: 100.00%, Whitelist: 0, IPv4: 1, IPv6: 0, Min Delay: 862 ms, Max Speed: 0.10 M/s, Avg Speed: 0.10 M/s, Max Resolution: 320x240
Category: ☘️吉林频道, Name: 德惠综合, Total: 2, Valid: 2, Valid Percent: 100.00%, Whitelist: 0, IPv4: 2, IPv6: 0, Min Delay: 1759 ms, Max Speed: 0.51 M/s, Avg Speed: 0.51 M/s, Max Resolution: 720x576
Category: ☘️吉林频道, Name: 九台综合, Total: 3, Valid: 3, Valid Percent: 100.00%, Whitelist: 0, IPv4: 3, IPv6: 0, Min Delay: 1226 ms, Max Speed: 0.22 M/s, Avg Speed: 0.22 M/s, Max Resolution: 720x576
Category: ☘️吉林频道, Name: 长白朝语, Total: 1, Valid: 0, Valid Percent: 0.00%, Whitelist: 0, IPv4: 0, IPv6: 1, Min Delay: -1 ms, Max Speed: 0.00 M/s, Avg Speed: 0.00 M/s, Max Resolution: None
Category: ☘️吉林频道, Name: 靖宇综合, Total: 1, Valid: 1, Valid Percent: 100.00%, Whitelist: 0, IPv4: 1, IPv6: 0, Min Delay: 597 ms, Max Speed: 0.06 M/s, Avg Speed: 0.06 M/s, Max Resolution: None
Category: ☘️吉林频道, Name: 敦化一套, Total: 2, Valid: 2, Valid Percent: 100.00%, Whitelist: 0, IPv4: 2, IPv6: 0, Min Delay: 898 ms, Max Speed: 0.13 M/s, Avg Speed: 0.13 M/s, Max Resolution: 720x576
Category: ☘️吉林频道, Name: 珲春新闻综合, Total: 1, Valid: 0, Valid Percent: 0.00%, Whitelist: 0, IPv4: 0, IPv6: 1, Min Delay: -1 ms, Max Speed: 0.00 M/s, Avg Speed: 0.00 M/s, Max Resolution: None
Category: ☘️吉林频道, Name: 龙井综合, Total: 1, Valid: 1, Valid Percent: 100.00%, Whitelist: 0, IPv4: 1, IPv6: 0, Min Delay: 604 ms, Max Speed: 0.06 M/s, Avg Speed: 0.06 M/s, Max Resolution: None
Category: ☘️吉林频道, Name: 梅河口综合, Total: 1, Valid: 1, Valid Percent: 100.00%, Whitelist: 0, IPv4: 1, IPv6: 0, Min Delay: 658 ms, Max Speed: 0.06 M/s, Avg Speed: 0.06 M/s, Max Resolution: None
Category: ☘️吉林频道, Name: 桦甸综合, Total: 1, Valid: 1, Valid Percent: 100.00%, Whitelist: 0, IPv4: 1, IPv6: 0, Min Delay: 598 ms, Max Speed: 0.06 M/s, Avg Speed: 0.06 M/s, Max Resolution: None
Category: ☘️吉林频道, Name: 磐石综合, Total: 1, Valid: 1, Valid Percent: 100.00%, Whitelist: 0, IPv4: 1, IPv6: 0, Min Delay: 618 ms, Max Speed: 0.06 M/s, Avg Speed: 0.06 M/s, Max Resolution: None
Category: ☘️吉林频道, Name: 舒兰新闻综合, Total: 2, Valid: 2, Valid Percent: 100.00%, Whitelist: 0, IPv4: 2, IPv6: 0, Min Delay: 881 ms, Max Speed: 0.10 M/s, Avg Speed: 0.10 M/s, Max Resolution: 320x240
Category: ☘️吉林频道, Name: 东丰综合, Total: 1, Valid: 1, Valid Percent: 100.00%, Whitelist: 0, IPv4: 1, IPv6: 0, Min Delay: 648 ms, Max Speed: 0.06 M/s, Avg Speed: 0.06 M/s, Max Resolution: None
Category: ☘️吉林频道, Name: 双辽综合, Total: 1, Valid: 1, Valid Percent: 100.00%, Whitelist: 0, IPv4: 1, IPv6: 0, Min Delay: 637 ms, Max Speed: 0.06 M/s, Avg Speed: 0.06 M/s, Max Resolution: None
Category: ☘️吉林频道, Name: 辉南新闻综合, Total: 3, Valid: 3, Valid Percent: 100.00%, Whitelist: 0, IPv4: 3, IPv6: 0, Min Delay: 1578 ms, Max Speed: 0.41 M/s, Avg Speed: 0.40 M/s, Max Resolution: 720x576
Category: ☘️吉林频道, Name: 柳河综合, Total: 1, Valid: 1, Valid Percent: 100.00%, Whitelist: 0, IPv4: 1, IPv6: 0, Min Delay: 628 ms, Max Speed: 0.06 M/s, Avg Speed: 0.06 M/s, Max Resolution: None
Category: ☘️吉林频道, Name: 通化县综合, Total: 1, Valid: 1, Valid Percent: 100.00%, Whitelist: 0, IPv4: 1, IPv6: 0, Min Delay: 559 ms, Max Speed: 0.05 M/s, Avg Speed: 0.05 M/s, Max Resolution: None
Category: ☘️吉林频道, Name: 汪清综合, Total: 3, Valid: 3, Valid Percent: 100.00%, Whitelist: 0, IPv4: 3, IPv6: 0, Min Delay: 842 ms, Max Speed: 0.10 M/s, Avg Speed: 0.10 M/s, Max Resolution: 320x240
Category: ☘️内蒙古频道, Name: 内蒙经济, Total: 1, Valid: 0, Valid Percent: 0.00%, Whitelist: 0, IPv4: 0, IPv6: 1, Min Delay: -1 ms, Max Speed: 0.00 M/s, Avg Speed: 0.00 M/s, Max Resolution: None
Category: ☘️内蒙古频道, Name: 内蒙古经济生活, Total: 1, Valid: 0, Valid Percent: 0.00%, Whitelist: 0, IPv4: 0, IPv6: 1, Min Delay: -1 ms, Max Speed: 0.00 M/s, Avg Speed: 0.00 M/s, Max Resolution: None
Category: ☘️云南频道, Name: 文山州公共, Total: 2, Valid: 0, Valid Percent: 0.00%, Whitelist: 0, IPv4: 0, IPv6: 2, Min Delay: -1 ms, Max Speed: 0.00 M/s, Avg Speed: 0.00 M/s, Max Resolution: None
Category: ☘️云南频道, Name: 文山州新闻综合, Total: 1, Valid: 0, Valid Percent: 0.00%, Whitelist: 0, IPv4: 0, IPv6: 1, Min Delay: -1 ms, Max Speed: 0.00 M/s, Avg Speed: 0.00 M/s, Max Resolution: None
Category: ☘️云南频道, Name: 施甸综合, Total: 1, Valid: 1, Valid Percent: 100.00%, Whitelist: 0, IPv4: 1, IPv6: 0, Min Delay: 814 ms, Max Speed: 0.02 M/s, Avg Speed: 0.02 M/s, Max Resolution: None
Category: ☘️云南频道, Name: 易门综合, Total: 1, Valid: 1, Valid Percent: 100.00%, Whitelist: 0, IPv4: 1, IPv6: 0, Min Delay: 1497 ms, Max Speed: 0.19 M/s, Avg Speed: 0.19 M/s, Max Resolution: 1920x1080
Category: ☘️云南频道, Name: 梁河综合, Total: 1, Valid: 1, Valid Percent: 100.00%, Whitelist: 0, IPv4: 1, IPv6: 0, Min Delay: 850 ms, Max Speed: 0.02 M/s, Avg Speed: 0.02 M/s, Max Resolution: None
Category: ☘️云南频道, Name: 砚山电视台, Total: 1, Valid: 1, Valid Percent: 100.00%, Whitelist: 0, IPv4: 1, IPv6: 0, Min Delay: 846 ms, Max Speed: 0.02 M/s, Avg Speed: 0.02 M/s, Max Resolution: None
Category: ☘️云南频道, Name: 通海电视台, Total: 1, Valid: 1, Valid Percent: 100.00%, Whitelist: 0, IPv4: 1, IPv6: 0, Min Delay: 1355 ms, Max Speed: 0.14 M/s, Avg Speed: 0.14 M/s, Max Resolution: 1920x1080
Category: ☘️云南频道, Name: 金平综合, Total: 1, Valid: 1, Valid Percent: 100.00%, Whitelist: 0, IPv4: 1, IPv6: 0, Min Delay: 829 ms, Max Speed: 0.02 M/s, Avg Speed: 0.02 M/s, Max Resolution: None
Category: ☘️云南频道, Name: 陇川综合, Total: 1, Valid: 1, Valid Percent: 100.00%, Whitelist: 0, IPv4: 1, IPv6: 0, Min Delay: 2114 ms, Max Speed: 0.54 M/s, Avg Speed: 0.54 M/s, Max Resolution: 1920x1080
Category: ☘️云南频道, Name: 麻栗坡电视台, Total: 1, Valid: 1, Valid Percent: 100.00%, Whitelist: 0, IPv4: 1, IPv6: 0, Min Delay: 588 ms, Max Speed: 0.07 M/s, Avg Speed: 0.07 M/s, Max Resolution: 1920x1080
Category: ☘️云南频道, Name: 云南都市, Total: 1, Valid: 1, Valid Percent: 100.00%, Whitelist: 0, IPv4: 1, IPv6: 0, Min Delay: 1857 ms, Max Speed: 0.28 M/s, Avg Speed: 0.28 M/s, Max Resolution: 1280x720
Category: ☘️云南频道, Name: 云南娱乐, Total: 1, Valid: 1, Valid Percent: 100.00%, Whitelist: 0, IPv4: 1, IPv6: 0, Min Delay: 1647 ms, Max Speed: 0.27 M/s, Avg Speed: 0.27 M/s, Max Resolution: 1280x720
Category: ☘️青海频道, Name: 安多卫视, Total: 4, Valid: 0, Valid Percent: 0.00%, Whitelist: 0, IPv4: 0, IPv6: 4, Min Delay: -1 ms, Max Speed: 0.00 M/s, Avg Speed: 0.00 M/s, Max Resolution: None
Category: ☘️青海频道, Name: 西宁新闻综合, Total: 12, Valid: 0, Valid Percent: 0.00%, Whitelist: 0, IPv4: 0, IPv6: 12, Min Delay: -1 ms, Max Speed: 0.00 M/s, Avg Speed: 0.00 M/s, Max Resolution: None
Category: ☘️青海频道, Name: 西宁生活服务, Total: 6, Valid: 0, Valid Percent: 0.00%, Whitelist: 0, IPv4: 0, IPv6: 6, Min Delay: -1 ms, Max Speed: 0.00 M/s, Avg Speed: 0.00 M/s, Max Resolution: None
Category: ☘️青海频道, Name: 青海都市, Total: 2, Valid: 0, Valid Percent: 0.00%, Whitelist: 0, IPv4: 0, IPv6: 2, Min Delay: -1 ms, Max Speed: 0.00 M/s, Avg Speed: 0.00 M/s, Max Resolution: None
Category: ☘️黑龙江频道, Name: 黑龙江文体, Total: 7, Valid: 0, Valid Percent: 0.00%, Whitelist: 0, IPv4: 0, IPv6: 7, Min Delay: -1 ms, Max Speed: 0.00 M/s, Avg Speed: 0.00 M/s, Max Resolution: None
Category: ☘️黑龙江频道, Name: 黑龙江新闻法治, Total: 6, Valid: 0, Valid Percent: 0.00%, Whitelist: 0, IPv4: 0, IPv6: 6, Min Delay: -1 ms, Max Speed: 0.00 M/s, Avg Speed: 0.00 M/s, Max Resolution: None
Category: ☘️黑龙江频道, Name: 黑龙江影视, Total: 5, Valid: 0, Valid Percent: 0.00%, Whitelist: 0, IPv4: 0, IPv6: 5, Min Delay: -1 ms, Max Speed: 0.00 M/s, Avg Speed: 0.00 M/s, Max Resolution: None
Category: ☘️黑龙江频道, Name: 黑龙江都市, Total: 8, Valid: 0, Valid Percent: 0.00%, Whitelist: 0, IPv4: 0, IPv6: 8, Min Delay: -1 ms, Max Speed: 0.00 M/s, Avg Speed: 0.00 M/s, Max Resolution: None
Category: ☘️黑龙江频道, Name: 黑龙江少儿, Total: 4, Valid: 0, Valid Percent: 0.00%, Whitelist: 0, IPv4: 0, IPv6: 4, Min Delay: -1 ms, Max Speed: 0.00 M/s, Avg Speed: 0.00 M/s, Max Resolution: None
Category: ☘️黑龙江频道, Name: 黑龙江新闻, Total: 3, Valid: 0, Valid Percent: 0.00%, Whitelist: 0, IPv4: 0, IPv6: 3, Min Delay: -1 ms, Max Speed: 0.00 M/s, Avg Speed: 0.00 M/s, Max Resolution: None
Category: ☘️黑龙江频道, Name: 哈尔滨新闻综合, Total: 1, Valid: 0, Valid Percent: 0.00%, Whitelist: 0, IPv4: 0, IPv6: 1, Min Delay: -1 ms, Max Speed: 0.00 M/s, Avg Speed: 0.00 M/s, Max Resolution: None
Category: ☘️黑龙江频道, Name: 哈尔滨影视, Total: 5, Valid: 5, Valid Percent: 100.00%, Whitelist: 0, IPv4: 5, IPv6: 0, Min Delay: 555 ms, Max Speed: 0.03 M/s, Avg Speed: 0.02 M/s, Max Resolution: 640x480
Category: ☘️黑龙江频道, Name: 哈尔滨资讯, Total: 1, Valid: 1, Valid Percent: 100.00%, Whitelist: 0, IPv4: 1, IPv6: 0, Min Delay: 10825 ms, Max Speed: 0.00 M/s, Avg Speed: 0.00 M/s, Max Resolution: None
Category: ☘️黑龙江频道, Name: 哈尔滨生活, Total: 4, Valid: 4, Valid Percent: 100.00%, Whitelist: 0, IPv4: 4, IPv6: 0, Min Delay: 10285 ms, Max Speed: 0.02 M/s, Avg Speed: 0.02 M/s, Max Resolution: 640x480
Category: ☘️黑龙江频道, Name: 哈尔滨娱乐, Total: 1, Valid: 1, Valid Percent: 100.00%, Whitelist: 0, IPv4: 1, IPv6: 0, Min Delay: 2620 ms, Max Speed: 0.01 M/s, Avg Speed: 0.01 M/s, Max Resolution: None
Category: ☘️黑龙江频道, Name: 大庆新闻综合, Total: 1, Valid: 0, Valid Percent: 0.00%, Whitelist: 0, IPv4: 0, IPv6: 1, Min Delay: -1 ms, Max Speed: 0.00 M/s, Avg Speed: 0.00 M/s, Max Resolution: None
Category: ☘️黑龙江频道, Name: 鹤岗新闻综合, Total: 3, Valid: 0, Valid Percent: 0.00%, Whitelist: 0, IPv4: 0, IPv6: 3, Min Delay: -1 ms, Max Speed: 0.00 M/s, Avg Speed: 0.00 M/s, Max Resolution: None
Category: ☘️黑龙江频道, Name: 七台河新闻综合, Total: 1, Valid: 1, Valid Percent: 100.00%, Whitelist: 0, IPv4: 1, IPv6: 0, Min Delay: 2553 ms, Max Speed: 0.37 M/s, Avg Speed: 0.37 M/s, Max Resolution: 1280x720
Category: ☘️黑龙江频道, Name: 甘南县综合, Total: 1, Valid: 1, Valid Percent: 100.00%, Whitelist: 0, IPv4: 1, IPv6: 0, Min Delay: 3738 ms, Max Speed: 0.01 M/s, Avg Speed: 0.01 M/s, Max Resolution: 640x480
Category: ☘️黑龙江频道, Name: 齐齐哈尔新闻综合, Total: 3, Valid: 0, Valid Percent: 0.00%, Whitelist: 0, IPv4: 0, IPv6: 3, Min Delay: -1 ms, Max Speed: 0.00 M/s, Avg Speed: 0.00 M/s, Max Resolution: None
Category: ☘️黑龙江频道, Name: 双鸭山综合, Total: 2, Valid: 1, Valid Percent: 50.00%, Whitelist: 0, IPv4: 2, IPv6: 0, Min Delay: 2364 ms, Max Speed: 0.40 M/s, Avg Speed: 0.40 M/s, Max Resolution: 1280x720
Category: 🌊港·澳·台, Name: 翡翠台, Total: 111, Valid: 2, Valid Percent: 1.80%, Whitelist: 0, IPv4: 2, IPv6: 109, Min Delay: 25 ms, Max Speed: 12.42 M/s, Avg Speed: 11.63 M/s, Max Resolution: 1920x1080
Category: 🌊港·澳·台, Name: 明珠台, Total: 53, Valid: 0, Valid Percent: 0.00%, Whitelist: 0, IPv4: 0, IPv6: 53, Min Delay: -1 ms, Max Speed: 0.00 M/s, Avg Speed: 0.00 M/s, Max Resolution: None
Category: 🌊港·澳·台, Name: 凤凰中文, Total: 76, Valid: 2, Valid Percent: 2.63%, Whitelist: 0, IPv4: 2, IPv6: 74, Min Delay: 29 ms, Max Speed: 10.60 M/s, Avg Speed: 5.37 M/s, Max Resolution: 1920x1080
Category: 🌊港·澳·台, Name: 凤凰资讯, Total: 79, Valid: 1, Valid Percent: 1.27%, Whitelist: 0, IPv4: 1, IPv6: 78, Min Delay: 601 ms, Max Speed: 0.16 M/s, Avg Speed: 0.16 M/s, Max Resolution: None
Category: 🌊港·澳·台, Name: 凤凰香港, Total: 67, Valid: 1, Valid Percent: 1.49%, Whitelist: 0, IPv4: 1, IPv6: 66, Min Delay: 24 ms, Max Speed: 12.95 M/s, Avg Speed: 12.95 M/s, Max Resolution: 1920x1080
Category: 🌊港·澳·台, Name: 凤凰卫视, Total: 1, Valid: 0, Valid Percent: 0.00%, Whitelist: 0, IPv4: 0, IPv6: 1, Min Delay: -1 ms, Max Speed: 0.00 M/s, Avg Speed: 0.00 M/s, Max Resolution: None
Category: 🌊港·澳·台, Name: TVBS亚洲, Total: 2, Valid: 1, Valid Percent: 50.00%, Whitelist: 0, IPv4: 1, IPv6: 1, Min Delay: 7099 ms, Max Speed: 0.42 M/s, Avg Speed: 0.42 M/s, Max Resolution: 1920x1080
Category: 🌊港·澳·台, Name: 香港卫视, Total: 12, Valid: 0, Valid Percent: 0.00%, Whitelist: 0, IPv4: 0, IPv6: 12, Min Delay: -1 ms, Max Speed: 0.00 M/s, Avg Speed: 0.00 M/s, Max Resolution: None
Category: 🌊港·澳·台, Name: 纬来体育, Total: 8, Valid: 3, Valid Percent: 37.50%, Whitelist: 0, IPv4: 3, IPv6: 5, Min Delay: 23 ms, Max Speed: 13.45 M/s, Avg Speed: 12.75 M/s, Max Resolution: 1920x1080
Category: 🌊港·澳·台, Name: 纬来育乐, Total: 11, Valid: 1, Valid Percent: 9.09%, Whitelist: 0, IPv4: 1, IPv6: 10, Min Delay: 24 ms, Max Speed: 12.66 M/s, Avg Speed: 12.66 M/s, Max Resolution: 1920x1080
Category: 🌊港·澳·台, Name: J2, Total: 1, Valid: 0, Valid Percent: 0.00%, Whitelist: 0, IPv4: 0, IPv6: 1, Min Delay: -1 ms, Max Speed: 0.00 M/s, Avg Speed: 0.00 M/s, Max Resolution: None
Category: 🌊港·澳·台, Name: Viutv, Total: 2, Valid: 1, Valid Percent: 50.00%, Whitelist: 0, IPv4: 1, IPv6: 1, Min Delay: 24 ms, Max Speed: 12.79 M/s, Avg Speed: 12.79 M/s, Max Resolution: 1920x1080
Category: 🌊港·澳·台, Name: 三立台湾, Total: 2, Valid: 1, Valid Percent: 50.00%, Whitelist: 0, IPv4: 1, IPv6: 1, Min Delay: 26 ms, Max Speed: 11.88 M/s, Avg Speed: 11.88 M/s, Max Resolution: 1920x1080
Category: 🌊港·澳·台, Name: 三立新闻, Total: 9, Valid: 1, Valid Percent: 11.11%, Whitelist: 0, IPv4: 1, IPv6: 8, Min Delay: 24 ms, Max Speed: 12.79 M/s, Avg Speed: 12.79 M/s, Max Resolution: 1920x1080
Category: 🌊港·澳·台, Name: 东森综合, Total: 3, Valid: 2, Valid Percent: 66.67%, Whitelist: 0, IPv4: 2, IPv6: 1, Min Delay: 24 ms, Max Speed: 12.93 M/s, Avg Speed: 12.69 M/s, Max Resolution: 1920x1080
Category: 🌊港·澳·台, Name: 东森超视, Total: 13, Valid: 3, Valid Percent: 23.08%, Whitelist: 0, IPv4: 3, IPv6: 10, Min Delay: 23 ms, Max Speed: 13.28 M/s, Avg Speed: 8.66 M/s, Max Resolution: 1920x1080
Category: 🌊港·澳·台, Name: 东森电影, Total: 3, Valid: 1, Valid Percent: 33.33%, Whitelist: 0, IPv4: 1, IPv6: 2, Min Delay: 24 ms, Max Speed: 12.63 M/s, Avg Speed: 12.63 M/s, Max Resolution: 1920x1080
Category: 🌊港·澳·台, Name: Now剧集, Total: 1, Valid: 0, Valid Percent: 0.00%, Whitelist: 0, IPv4: 1, IPv6: 0, Min Delay: 72 ms, Max Speed: 0.00 M/s, Avg Speed: 0.00 M/s, Max Resolution: None
Category: 🌊港·澳·台, Name: Now华剧, Total: 1, Valid: 1, Valid Percent: 100.00%, Whitelist: 0, IPv4: 1, IPv6: 0, Min Delay: 2327 ms, Max Speed: 0.21 M/s, Avg Speed: 0.21 M/s, Max Resolution: 1024x576
Category: 🌊港·澳·台, Name: 靖天资讯, Total: 13, Valid: 1, Valid Percent: 7.69%, Whitelist: 0, IPv4: 1, IPv6: 12, Min Delay: 21 ms, Max Speed: 14.42 M/s, Avg Speed: 14.42 M/s, Max Resolution: 1920x1080
Category: 🎬电影频道, Name: CHC家庭影院, Total: 9, Valid: 0, Valid Percent: 0.00%, Whitelist: 0, IPv4: 0, IPv6: 9, Min Delay: -1 ms, Max Speed: 0.00 M/s, Avg Speed: 0.00 M/s, Max Resolution: None
Category: 🎬电影频道, Name: CHC动作电影, Total: 7, Valid: 0, Valid Percent: 0.00%, Whitelist: 0, IPv4: 0, IPv6: 7, Min Delay: -1 ms, Max Speed: 0.00 M/s, Avg Speed: 0.00 M/s, Max Resolution: None
Category: 🎬电影频道, Name: 淘剧场, Total: 3, Valid: 0, Valid Percent: 0.00%, Whitelist: 0, IPv4: 0, IPv6: 3, Min Delay: -1 ms, Max Speed: 0.00 M/s, Avg Speed: 0.00 M/s, Max Resolution: None
Category: 🎬电影频道, Name: 淘娱乐, Total: 3, Valid: 0, Valid Percent: 0.00%, Whitelist: 0, IPv4: 0, IPv6: 3, Min Delay: -1 ms, Max Speed: 0.00 M/s, Avg Speed: 0.00 M/s, Max Resolution: None
Category: 🎬电影频道, Name: 淘电影, Total: 8, Valid: 0, Valid Percent: 0.00%, Whitelist: 0, IPv4: 0, IPv6: 8, Min Delay: -1 ms, Max Speed: 0.00 M/s, Avg Speed: 0.00 M/s, Max Resolution: None
Category: 🎬电影频道, Name: NewTV惊悚悬疑, Total: 9, Valid: 0, Valid Percent: 0.00%, Whitelist: 0, IPv4: 0, IPv6: 9, Min Delay: -1 ms, Max Speed: 0.00 M/s, Avg Speed: 0.00 M/s, Max Resolution: None
Category: 🎬电影频道, Name: NewTV动作电影, Total: 3, Valid: 0, Valid Percent: 0.00%, Whitelist: 0, IPv4: 0, IPv6: 3, Min Delay: -1 ms, Max Speed: 0.00 M/s, Avg Speed: 0.00 M/s, Max Resolution: None
Category: 🎬电影频道, Name: 纬来电影, Total: 14, Valid: 0, Valid Percent: 0.00%, Whitelist: 0, IPv4: 0, IPv6: 14, Min Delay: -1 ms, Max Speed: 0.00 M/s, Avg Speed: 0.00 M/s, Max Resolution: None
Category: 🎬电影频道, Name: 靖天映画, Total: 7, Valid: 1, Valid Percent: 14.29%, Whitelist: 0, IPv4: 1, IPv6: 6, Min Delay: 23 ms, Max Speed: 13.39 M/s, Avg Speed: 13.39 M/s, Max Resolution: 1920x1080
Category: 🎬电影频道, Name: 靖天戏剧, Total: 13, Valid: 1, Valid Percent: 7.69%, Whitelist: 0, IPv4: 1, IPv6: 12, Min Delay: 27 ms, Max Speed: 11.56 M/s, Avg Speed: 11.56 M/s, Max Resolution: 1920x1080
Category: 🎬电影频道, Name: 经典电影, Total: 7, Valid: 1, Valid Percent: 14.29%, Whitelist: 0, IPv4: 1, IPv6: 6, Min Delay: 23 ms, Max Speed: 13.35 M/s, Avg Speed: 13.35 M/s, Max Resolution: 1920x1080
Category: 🎬电影频道, Name: IPTV经典电影, Total: 1, Valid: 1, Valid Percent: 100.00%, Whitelist: 0, IPv4: 1, IPv6: 0, Min Delay: 60 ms, Max Speed: 9.07 M/s, Avg Speed: 9.07 M/s, Max Resolution: 1920x1080
Category: 🎬电影频道, Name: 天映经典, Total: 23, Valid: 2, Valid Percent: 8.70%, Whitelist: 0, IPv4: 2, IPv6: 21, Min Delay: 25 ms, Max Speed: 12.38 M/s, Avg Speed: 6.30 M/s, Max Resolution: 1920x1080
Category: 🎬电影频道, Name: 无线星河, Total: 7, Valid: 0, Valid Percent: 0.00%, Whitelist: 0, IPv4: 0, IPv6: 7, Min Delay: -1 ms, Max Speed: 0.00 M/s, Avg Speed: 0.00 M/s, Max Resolution: None
Category: 🎬电影频道, Name: 星空卫视, Total: 6, Valid: 1, Valid Percent: 16.67%, Whitelist: 0, IPv4: 1, IPv6: 5, Min Delay: 25 ms, Max Speed: 12.14 M/s, Avg Speed: 12.14 M/s, Max Resolution: 1920x1080
Category: 🎬电影频道, Name: 东森电影, Total: 2, Valid: 0, Valid Percent: 0.00%, Whitelist: 0, IPv4: 0, IPv6: 2, Min Delay: -1 ms, Max Speed: 0.00 M/s, Avg Speed: 0.00 M/s, Max Resolution: None
Category: 🎬电影频道, Name: 龙祥电影, Total: 1, Valid: 0, Valid Percent: 0.00%, Whitelist: 0, IPv4: 0, IPv6: 1, Min Delay: -1 ms, Max Speed: 0.00 M/s, Avg Speed: 0.00 M/s, Max Resolution: None
Category: 🎬电影频道, Name: 东森洋片, Total: 12, Valid: 1, Valid Percent: 8.33%, Whitelist: 0, IPv4: 1, IPv6: 11, Min Delay: 22 ms, Max Speed: 14.00 M/s, Avg Speed: 14.00 M/s, Max Resolution: 1920x1080
Category: 🎬电影频道, Name: 东森超视, Total: 10, Valid: 0, Valid Percent: 0.00%, Whitelist: 0, IPv4: 0, IPv6: 10, Min Delay: -1 ms, Max Speed: 0.00 M/s, Avg Speed: 0.00 M/s, Max Resolution: None
Category: 🏀体育频道, Name: CCTV-5, Total: 82, Valid: 0, Valid Percent: 0.00%, Whitelist: 0, IPv4: 0, IPv6: 82, Min Delay: -1 ms, Max Speed: 0.00 M/s, Avg Speed: 0.00 M/s, Max Resolution: None
Category: 🏀体育频道, Name: CCTV-5+, Total: 12, Valid: 0, Valid Percent: 0.00%, Whitelist: 0, IPv4: 0, IPv6: 12, Min Delay: -1 ms, Max Speed: 0.00 M/s, Avg Speed: 0.00 M/s, Max Resolution: None
Category: 🏀体育频道, Name: 广东体育, Total: 74, Valid: 0, Valid Percent: 0.00%, Whitelist: 0, IPv4: 0, IPv6: 74, Min Delay: -1 ms, Max Speed: 0.00 M/s, Avg Speed: 0.00 M/s, Max Resolution: None
Category: 🏀体育频道, Name: 纬来体育, Total: 5, Valid: 0, Valid Percent: 0.00%, Whitelist: 0, IPv4: 0, IPv6: 5, Min Delay: -1 ms, Max Speed: 0.00 M/s, Avg Speed: 0.00 M/s, Max Resolution: None
Category: 🏀体育频道, Name: 五星体育, Total: 41, Valid: 0, Valid Percent: 0.00%, Whitelist: 0, IPv4: 0, IPv6: 41, Min Delay: -1 ms, Max Speed: 0.00 M/s, Avg Speed: 0.00 M/s, Max Resolution: None
Category: 🏀体育频道, Name: 劲爆体育, Total: 2, Valid: 0, Valid Percent: 0.00%, Whitelist: 0, IPv4: 0, IPv6: 2, Min Delay: -1 ms, Max Speed: 0.00 M/s, Avg Speed: 0.00 M/s, Max Resolution: None
Category: 🏀体育频道, Name: 爱体育, Total: 5, Valid: 0, Valid Percent: 0.00%, Whitelist: 0, IPv4: 0, IPv6: 5, Min Delay: -1 ms, Max Speed: 0.00 M/s, Avg Speed: 0.00 M/s, Max Resolution: None
Category: 🏀体育频道, Name: 广州竞赛, Total: 9, Valid: 0, Valid Percent: 0.00%, Whitelist: 0, IPv4: 0, IPv6: 9, Min Delay: -1 ms, Max Speed: 0.00 M/s, Avg Speed: 0.00 M/s, Max Resolution: None
Category: 🏀体育频道, Name: 辽宁体育, Total: 1, Valid: 1, Valid Percent: 100.00%, Whitelist: 0, IPv4: 1, IPv6: 0, Min Delay: 10219 ms, Max Speed: 0.00 M/s, Avg Speed: 0.00 M/s, Max Resolution: None
Category: 🏀体育频道, Name: 山东体育, Total: 11, Valid: 0, Valid Percent: 0.00%, Whitelist: 0, IPv4: 0, IPv6: 11, Min Delay: -1 ms, Max Speed: 0.00 M/s, Avg Speed: 0.00 M/s, Max Resolution: None
Category: 🏀体育频道, Name: 天津体育, Total: 1, Valid: 1, Valid Percent: 100.00%, Whitelist: 0, IPv4: 1, IPv6: 0, Min Delay: 530 ms, Max Speed: 0.05 M/s, Avg Speed: 0.05 M/s, Max Resolution: 1920x1080
Category: 🏀体育频道, Name: 江苏体育, Total: 10, Valid: 0, Valid Percent: 0.00%, Whitelist: 0, IPv4: 0, IPv6: 10, Min Delay: -1 ms, Max Speed: 0.00 M/s, Avg Speed: 0.00 M/s, Max Resolution: None
Category: 🏀体育频道, Name: 安徽综艺体育, Total: 5, Valid: 0, Valid Percent: 0.00%, Whitelist: 0, IPv4: 0, IPv6: 5, Min Delay: -1 ms, Max Speed: 0.00 M/s, Avg Speed: 0.00 M/s, Max Resolution: None
Category: 🏀体育频道, Name: 睛彩篮球, Total: 2, Valid: 0, Valid Percent: 0.00%, Whitelist: 0, IPv4: 0, IPv6: 2, Min Delay: -1 ms, Max Speed: 0.00 M/s, Avg Speed: 0.00 M/s, Max Resolution: None
Category: 🏀体育频道, Name: 睛彩广场舞, Total: 8, Valid: 0, Valid Percent: 0.00%, Whitelist: 0, IPv4: 0, IPv6: 8, Min Delay: -1 ms, Max Speed: 0.00 M/s, Avg Speed: 0.00 M/s, Max Resolution: None
Category: 🏀体育频道, Name: 风云足球, Total: 4, Valid: 0, Valid Percent: 0.00%, Whitelist: 0, IPv4: 0, IPv6: 4, Min Delay: -1 ms, Max Speed: 0.00 M/s, Avg Speed: 0.00 M/s, Max Resolution: None
Category: 🏀体育频道, Name: 魅力足球, Total: 7, Valid: 0, Valid Percent: 0.00%, Whitelist: 0, IPv4: 0, IPv6: 7, Min Delay: -1 ms, Max Speed: 0.00 M/s, Avg Speed: 0.00 M/s, Max Resolution: None
Category: 🏀体育频道, Name: 天元围棋, Total: 1, Valid: 0, Valid Percent: 0.00%, Whitelist: 0, IPv4: 0, IPv6: 1, Min Delay: -1 ms, Max Speed: 0.00 M/s, Avg Speed: 0.00 M/s, Max Resolution: None
Category: 🏀体育频道, Name: 快乐垂钓, Total: 24, Valid: 1, Valid Percent: 4.17%, Whitelist: 0, IPv4: 1, IPv6: 23, Min Delay: 501 ms, Max Speed: 0.01 M/s, Avg Speed: 0.01 M/s, Max Resolution: 1920x1080
Category: 🏀体育频道, Name: JJ斗地主, Total: 1, Valid: 0, Valid Percent: 0.00%, Whitelist: 0, IPv4: 0, IPv6: 1, Min Delay: -1 ms, Max Speed: 0.00 M/s, Avg Speed: 0.00 M/s, Max Resolution: None
Category: 🪁动画频道, Name: 卡酷动画, Total: 33, Valid: 0, Valid Percent: 0.00%, Whitelist: 0, IPv4: 0, IPv6: 33, Min Delay: -1 ms, Max Speed: 0.00 M/s, Avg Speed: 0.00 M/s, Max Resolution: None
Category: 🪁动画频道, Name: 动漫秀场, Total: 11, Valid: 0, Valid Percent: 0.00%, Whitelist: 0, IPv4: 0, IPv6: 11, Min Delay: -1 ms, Max Speed: 0.00 M/s, Avg Speed: 0.00 M/s, Max Resolution: None
Category: 🪁动画频道, Name: 新动漫, Total: 33, Valid: 0, Valid Percent: 0.00%, Whitelist: 0, IPv4: 0, IPv6: 33, Min Delay: -1 ms, Max Speed: 0.00 M/s, Avg Speed: 0.00 M/s, Max Resolution: None
Category: 🪁动画频道, Name: 爱动漫, Total: 4, Valid: 0, Valid Percent: 0.00%, Whitelist: 0, IPv4: 0, IPv6: 4, Min Delay: -1 ms, Max Speed: 0.00 M/s, Avg Speed: 0.00 M/s, Max Resolution: None
Category: 🪁动画频道, Name: CN卡通, Total: 3, Valid: 1, Valid Percent: 33.33%, Whitelist: 0, IPv4: 1, IPv6: 2, Min Delay: 24 ms, Max Speed: 12.79 M/s, Avg Speed: 12.79 M/s, Max Resolution: 1920x1080
Category: 🪁动画频道, Name: 优漫卡通, Total: 3, Valid: 0, Valid Percent: 0.00%, Whitelist: 0, IPv4: 0, IPv6: 3, Min Delay: -1 ms, Max Speed: 0.00 M/s, Avg Speed: 0.00 M/s, Max Resolution: None
Category: 🪁动画频道, Name: 金鹰卡通, Total: 10, Valid: 0, Valid Percent: 0.00%, Whitelist: 0, IPv4: 0, IPv6: 10, Min Delay: -1 ms, Max Speed: 0.00 M/s, Avg Speed: 0.00 M/s, Max Resolution: None
Category: 🪁动画频道, Name: 炫动卡通, Total: 32, Valid: 0, Valid Percent: 0.00%, Whitelist: 0, IPv4: 0, IPv6: 32, Min Delay: -1 ms, Max Speed: 0.00 M/s, Avg Speed: 0.00 M/s, Max Resolution: None
Category: 🪁动画频道, Name: 浙江少儿, Total: 4, Valid: 0, Valid Percent: 0.00%, Whitelist: 0, IPv4: 0, IPv6: 4, Min Delay: -1 ms, Max Speed: 0.00 M/s, Avg Speed: 0.00 M/s, Max Resolution: None
Category: 🪁动画频道, Name: 河北少儿科教, Total: 10, Valid: 0, Valid Percent: 0.00%, Whitelist: 0, IPv4: 0, IPv6: 10, Min Delay: -1 ms, Max Speed: 0.00 M/s, Avg Speed: 0.00 M/s, Max Resolution: None
Category: 🪁动画频道, Name: 七龙珠, Total: 1, Valid: 0, Valid Percent: 0.00%, Whitelist: 0, IPv4: 0, IPv6: 1, Min Delay: -1 ms, Max Speed: 0.00 M/s, Avg Speed: 0.00 M/s, Max Resolution: None
Category: 🪁动画频道, Name: 火影忍者, Total: 1, Valid: 0, Valid Percent: 0.00%, Whitelist: 0, IPv4: 0, IPv6: 1, Min Delay: -1 ms, Max Speed: 0.00 M/s, Avg Speed: 0.00 M/s, Max Resolution: None
Category: 🪁动画频道, Name: 海绵宝宝, Total: 1, Valid: 0, Valid Percent: 0.00%, Whitelist: 0, IPv4: 0, IPv6: 1, Min Delay: -1 ms, Max Speed: 0.00 M/s, Avg Speed: 0.00 M/s, Max Resolution: None
Category: 🪁动画频道, Name: 中华小当家, Total: 2, Valid: 0, Valid Percent: 0.00%, Whitelist: 0, IPv4: 0, IPv6: 2, Min Delay: -1 ms, Max Speed: 0.00 M/s, Avg Speed: 0.00 M/s, Max Resolution: None
Category: 🪁动画频道, Name: 猫和老鼠, Total: 2, Valid: 0, Valid Percent: 0.00%, Whitelist: 0, IPv4: 0, IPv6: 2, Min Delay: -1 ms, Max Speed: 0.00 M/s, Avg Speed: 0.00 M/s, Max Resolution: None
Category: 🪁动画频道, Name: 蜡笔小新, Total: 1, Valid: 1, Valid Percent: 100.00%, Whitelist: 0, IPv4: 1, IPv6: 0, Min Delay: 44 ms, Max Speed: 9.75 M/s, Avg Speed: 9.75 M/s, Max Resolution: 1920x1080
Category: 🪁动画频道, Name: 漫画解说, Total: 2, Valid: 0, Valid Percent: 0.00%, Whitelist: 0, IPv4: 0, IPv6: 2, Min Delay: -1 ms, Max Speed: 0.00 M/s, Avg Speed: 0.00 M/s, Max Resolution: None
Category: 🎮游戏频道, Name: 游戏风云, Total: 3, Valid: 0, Valid Percent: 0.00%, Whitelist: 0, IPv4: 0, IPv6: 3, Min Delay: -1 ms, Max Speed: 0.00 M/s, Avg Speed: 0.00 M/s, Max Resolution: None
Category: 🎮游戏频道, Name: 爱电竞, Total: 1, Valid: 0, Valid Percent: 0.00%, Whitelist: 0, IPv4: 0, IPv6: 1, Min Delay: -1 ms, Max Speed: 0.00 M/s, Avg Speed: 0.00 M/s, Max Resolution: None
Category: 🎵音乐频道, Name: CCTV-15, Total: 46, Valid: 0, Valid Percent: 0.00%, Whitelist: 0, IPv4: 0, IPv6: 46, Min Delay: -1 ms, Max Speed: 0.00 M/s, Avg Speed: 0.00 M/s, Max Resolution: None
Category: 🎵音乐频道, Name: 风云音乐, Total: 2, Valid: 0, Valid Percent: 0.00%, Whitelist: 0, IPv4: 0, IPv6: 2, Min Delay: -1 ms, Max Speed: 0.00 M/s, Avg Speed: 0.00 M/s, Max Resolution: None
Category: 🎵音乐频道, Name: 音乐现场, Total: 2, Valid: 2, Valid Percent: 100.00%, Whitelist: 0, IPv4: 2, IPv6: 0, Min Delay: 17 ms, Max Speed: 5.53 M/s, Avg Speed: 4.95 M/s, Max Resolution: None
Category: 🎵音乐频道, Name: 潮流音乐, Total: 1, Valid: 1, Valid Percent: 100.00%, Whitelist: 0, IPv4: 1, IPv6: 0, Min Delay: 10895 ms, Max Speed: 0.01 M/s, Avg Speed: 0.01 M/s, Max Resolution: None
Category: 🎵音乐频道, Name: 音乐广播, Total: 31, Valid: 0, Valid Percent: 0.00%, Whitelist: 0, IPv4: 0, IPv6: 31, Min Delay: -1 ms, Max Speed: 0.00 M/s, Avg Speed: 0.00 M/s, Max Resolution: None
Category: 🏛经典剧场, Name: 笑傲江湖, Total: 1, Valid: 0, Valid Percent: 0.00%, Whitelist: 0, IPv4: 0, IPv6: 1, Min Delay: -1 ms, Max Speed: 0.00 M/s, Avg Speed: 0.00 M/s, Max Resolution: None
Category: 🏛经典剧场, Name: 天龙八部, Total: 1, Valid: 0, Valid Percent: 0.00%, Whitelist: 0, IPv4: 0, IPv6: 1, Min Delay: -1 ms, Max Speed: 0.00 M/s, Avg Speed: 0.00 M/s, Max Resolution: None
Category: 🏛经典剧场, Name: 鹿鼎记, Total: 1, Valid: 1, Valid Percent: 100.00%, Whitelist: 0, IPv4: 1, IPv6: 0, Min Delay: 1991 ms, Max Speed: 0.14 M/s, Avg Speed: 0.14 M/s, Max Resolution: 800x600
Category: 🏛经典剧场, Name: 仙剑奇侠传, Total: 1, Valid: 1, Valid Percent: 100.00%, Whitelist: 0, IPv4: 1, IPv6: 0, Min Delay: 2977 ms, Max Speed: 1.19 M/s, Avg Speed: 1.19 M/s, Max Resolution: 1920x1080
Category: 🏛经典剧场, Name: 西游记, Total: 3, Valid: 0, Valid Percent: 0.00%, Whitelist: 0, IPv4: 0, IPv6: 3, Min Delay: -1 ms, Max Speed: 0.00 M/s, Avg Speed: 0.00 M/s, Max Resolution: None
Category: 🏛经典剧场, Name: 三国演义, Total: 1, Valid: 0, Valid Percent: 0.00%, Whitelist: 0, IPv4: 0, IPv6: 1, Min Delay: -1 ms, Max Speed: 0.00 M/s, Avg Speed: 0.00 M/s, Max Resolution: None
Category: 🏛经典剧场, Name: 水浒传, Total: 1, Valid: 0, Valid Percent: 0.00%, Whitelist: 0, IPv4: 0, IPv6: 1, Min Delay: -1 ms, Max Speed: 0.00 M/s, Avg Speed: 0.00 M/s, Max Resolution: None
Category: 🏛经典剧场, Name: 新白娘子传奇, Total: 1, Valid: 1, Valid Percent: 100.00%, Whitelist: 0, IPv4: 1, IPv6: 0, Min Delay: 1935 ms, Max Speed: 0.15 M/s, Avg Speed: 0.15 M/s, Max Resolution: 800x600
Category: 🏛经典剧场, Name: 封神榜, Total: 1, Valid: 1, Valid Percent: 100.00%, Whitelist: 0, IPv4: 1, IPv6: 0, Min Delay: 559 ms, Max Speed: 0.72 M/s, Avg Speed: 0.72 M/s, Max Resolution: 1920x1080
Category: 🏛经典剧场, Name: 闯关东, Total: 1, Valid: 1, Valid Percent: 100.00%, Whitelist: 0, IPv4: 1, IPv6: 0, Min Delay: 1185 ms, Max Speed: 0.29 M/s, Avg Speed: 0.29 M/s, Max Resolution: 1280x720
